subject_id	predicate_id	object_id	mapping_justification	subject_label	object_label
CL:0000000	oboInOwl:hasDbXref	FBbt:00007002	semapv:UnspecifiedMatching	cell	cell
CL:0000000	oboInOwl:hasDbXref	FMA:68646	semapv:UnspecifiedMatching	cell	Cell
CL:0000000	oboInOwl:hasDbXref	GO:0005623	semapv:UnspecifiedMatching	cell	obsolete cell
CL:0000000	oboInOwl:hasDbXref	MESH:D002477	semapv:UnspecifiedMatching	cell	
CL:0000000	oboInOwl:hasDbXref	VHOG:0001533	semapv:UnspecifiedMatching	cell	
CL:0000000	oboInOwl:hasDbXref	WBbt:0004017	semapv:UnspecifiedMatching	cell	Cell
CL:0000000	oboInOwl:hasDbXref	XAO:0003012	semapv:UnspecifiedMatching	cell	cell
CL:0000000	oboInOwl:hasDbXref	ZFA:0009000	semapv:UnspecifiedMatching	cell	cell
CL:0000001	oboInOwl:hasDbXref	BTO:0002290	semapv:UnspecifiedMatching	primary cultured cell	primary cell line
CL:0000003	oboInOwl:hasDbXref	CARO:0000013	semapv:UnspecifiedMatching	obsolete native cell	cell
CL:0000006	oboInOwl:hasDbXref	ZFA:0009001	semapv:UnspecifiedMatching	neuronal receptor cell	receptor cell (sensu Animalia)
CL:0000007	oboInOwl:hasDbXref	ZFA:0009002	semapv:UnspecifiedMatching	early embryonic cell (metazoa)	early embryonic cell
CL:0000008	oboInOwl:hasDbXref	ZFA:0007091	semapv:UnspecifiedMatching	migratory cranial neural crest cell	migratory cranial neural crest cell
CL:0000010	oboInOwl:hasDbXref	MESH:D002478	semapv:UnspecifiedMatching	cultured cell	
CL:0000011	oboInOwl:hasDbXref	ZFA:0007095	semapv:UnspecifiedMatching	migratory trunk neural crest cell	migratory trunk neural crest cell
CL:0000014	oboInOwl:hasDbXref	FBbt:00004861	semapv:UnspecifiedMatching	germ line stem cell	germline stem cell
CL:0000014	oboInOwl:hasDbXref	ZFA:0005956	semapv:UnspecifiedMatching	germ line stem cell	germline stem cell
CL:0000015	oboInOwl:hasDbXref	FMA:72290	semapv:UnspecifiedMatching	male germ cell	Sperm cell
CL:0000015	oboInOwl:hasDbXref	MA:0002765	semapv:UnspecifiedMatching	male germ cell	male germ cell
CL:0000015	oboInOwl:hasDbXref	VHOG:0001531	semapv:UnspecifiedMatching	male germ cell	
CL:0000016	oboInOwl:hasDbXref	FBbt:00004929	semapv:UnspecifiedMatching	male germ line stem cell	male germline stem cell
CL:0000017	oboInOwl:hasDbXref	BTO:0001275	semapv:UnspecifiedMatching	spermatocyte	spermatocyte
CL:0000017	oboInOwl:hasDbXref	EMAPA:31484	semapv:UnspecifiedMatching	spermatocyte	spermatocyte
CL:0000017	oboInOwl:hasDbXref	FBbt:00004936	semapv:UnspecifiedMatching	spermatocyte	spermatocyte
CL:0000017	oboInOwl:hasDbXref	FMA:84049	semapv:UnspecifiedMatching	spermatocyte	Spermatocyte
CL:0000017	oboInOwl:hasDbXref	WBbt:0006799	semapv:UnspecifiedMatching	spermatocyte	spermatocyte
CL:0000017	oboInOwl:hasDbXref	ZFA:0009005	semapv:UnspecifiedMatching	spermatocyte	spermatocyte
CL:0000018	oboInOwl:hasDbXref	BTO:0001274	semapv:UnspecifiedMatching	spermatid	spermatid
CL:0000018	oboInOwl:hasDbXref	EMAPA:31486	semapv:UnspecifiedMatching	spermatid	spermatid
CL:0000018	oboInOwl:hasDbXref	FBbt:00004942	semapv:UnspecifiedMatching	spermatid	spermatid
CL:0000018	oboInOwl:hasDbXref	FMA:72294	semapv:UnspecifiedMatching	spermatid	Spermatid
CL:0000018	oboInOwl:hasDbXref	WBbt:0006800	semapv:UnspecifiedMatching	spermatid	spermatid
CL:0000018	oboInOwl:hasDbXref	ZFA:0005769	semapv:UnspecifiedMatching	spermatid	spermatid
CL:0000019	oboInOwl:hasDbXref	BTO:0001277	semapv:UnspecifiedMatching	sperm	spermatozoon
CL:0000019	oboInOwl:hasDbXref	BTO:0002046	semapv:UnspecifiedMatching	sperm	spermatozoid
CL:0000019	oboInOwl:hasDbXref	FBbt:00004954	semapv:UnspecifiedMatching	sperm	spermatozoon
CL:0000019	oboInOwl:hasDbXref	FMA:67338	semapv:UnspecifiedMatching	sperm	Mature sperm cell
CL:0000019	oboInOwl:hasDbXref	WBbt:0006798	semapv:UnspecifiedMatching	sperm	sperm
CL:0000019	oboInOwl:hasDbXref	ZFA:0009006	semapv:UnspecifiedMatching	sperm	sperm
CL:0000020	oboInOwl:hasDbXref	BTO:0000958	semapv:UnspecifiedMatching	spermatogonium	spermatogonium
CL:0000020	oboInOwl:hasDbXref	EMAPA:31482	semapv:UnspecifiedMatching	spermatogonium	spermatogonium
CL:0000020	oboInOwl:hasDbXref	FBbt:00004934	semapv:UnspecifiedMatching	spermatogonium	primary gonial cell
CL:0000020	oboInOwl:hasDbXref	FBbt:00004935	semapv:UnspecifiedMatching	spermatogonium	spermatogonium
CL:0000020	oboInOwl:hasDbXref	FMA:72291	semapv:UnspecifiedMatching	spermatogonium	Spermatogonium
CL:0000020	oboInOwl:hasDbXref	ZFA:0009007	semapv:UnspecifiedMatching	spermatogonium	spermatogonium
CL:0000021	oboInOwl:hasDbXref	MA:0000388	semapv:UnspecifiedMatching	female germ cell	female germ cell
CL:0000021	oboInOwl:hasDbXref	VHOG:0001530	semapv:UnspecifiedMatching	female germ cell	
CL:0000022	oboInOwl:hasDbXref	FBbt:00004873	semapv:UnspecifiedMatching	female germ line stem cell	female germline stem cell
CL:0000023	oboInOwl:hasDbXref	BTO:0000964	semapv:UnspecifiedMatching	oocyte	oocyte
CL:0000023	oboInOwl:hasDbXref	FBbt:00004886	semapv:UnspecifiedMatching	oocyte	oocyte
CL:0000023	oboInOwl:hasDbXref	FMA:18644	semapv:UnspecifiedMatching	oocyte	Oocyte
CL:0000023	oboInOwl:hasDbXref	MESH:D009865	semapv:UnspecifiedMatching	oocyte	
CL:0000023	oboInOwl:hasDbXref	WBbt:0006797	semapv:UnspecifiedMatching	oocyte	oocyte
CL:0000023	oboInOwl:hasDbXref	ZFA:0001109	semapv:UnspecifiedMatching	oocyte	oocyte
CL:0000024	oboInOwl:hasDbXref	FMA:83673	semapv:UnspecifiedMatching	oogonial cell	Oogonium
CL:0000024	oboInOwl:hasDbXref	ZFA:0005878	semapv:UnspecifiedMatching	oogonial cell	oogonia
CL:0000025	oboInOwl:hasDbXref	BTO:0000369	semapv:UnspecifiedMatching	egg cell	egg
CL:0000025	oboInOwl:hasDbXref	BTO:0003801	semapv:UnspecifiedMatching	egg cell	ovum
CL:0000025	oboInOwl:hasDbXref	FBbt:00057012	semapv:UnspecifiedMatching	egg cell	female germline cell
CL:0000025	oboInOwl:hasDbXref	FMA:67343	semapv:UnspecifiedMatching	egg cell	Ovum
CL:0000025	oboInOwl:hasDbXref	MESH:D010063	semapv:UnspecifiedMatching	egg cell	
CL:0000025	oboInOwl:hasDbXref	ZFA:0001570	semapv:UnspecifiedMatching	egg cell	unfertilized egg
CL:0000026	oboInOwl:hasDbXref	BTO:0000953	semapv:UnspecifiedMatching	invertebrate nurse cell	nurse cell
CL:0000026	oboInOwl:hasDbXref	FBbt:00004878	semapv:UnspecifiedMatching	invertebrate nurse cell	nurse cell
CL:0000029	oboInOwl:hasDbXref	ZFA:0009009	semapv:UnspecifiedMatching	neural crest derived neuron	neuron neural crest derived
CL:0000030	oboInOwl:hasDbXref	ZFA:0009010	semapv:UnspecifiedMatching	glioblast	glioblast
CL:0000031	oboInOwl:hasDbXref	BTO:0000930	semapv:UnspecifiedMatching	neuroblast (sensu Vertebrata)	neuroblast
CL:0000031	oboInOwl:hasDbXref	FMA:70563	semapv:UnspecifiedMatching	neuroblast (sensu Vertebrata)	Neuroblast
CL:0000031	oboInOwl:hasDbXref	ZFA:0009011	semapv:UnspecifiedMatching	neuroblast (sensu Vertebrata)	neuroblast
CL:0000032	oboInOwl:hasDbXref	ZFA:0009012	semapv:UnspecifiedMatching	neuroplacodal cell	neuroplacodal cell
CL:0000034	oboInOwl:hasDbXref	FMA:63368	semapv:UnspecifiedMatching	stem cell	Stem cell
CL:0000034	oboInOwl:hasDbXref	ZFA:0005957	semapv:UnspecifiedMatching	stem cell	stem cell
CL:0000035	oboInOwl:hasDbXref	FMA:70569	semapv:UnspecifiedMatching	single fate stem cell	Unipotent stem cell
CL:0000035	oboInOwl:hasDbXref	ZFA:0009013	semapv:UnspecifiedMatching	single fate stem cell	single fate stem cell
CL:0000037	oboInOwl:hasDbXref	BTO:0000725	semapv:UnspecifiedMatching	hematopoietic stem cell	hematopoietic stem cell
CL:0000037	oboInOwl:hasDbXref	FMA:86475	semapv:UnspecifiedMatching	hematopoietic stem cell	Hemopoietic stem cell
CL:0000037	oboInOwl:hasDbXref	MESH:D006412	semapv:UnspecifiedMatching	hematopoietic stem cell	
CL:0000037	oboInOwl:hasDbXref	VHOG:0001485	semapv:UnspecifiedMatching	hematopoietic stem cell	
CL:0000037	oboInOwl:hasDbXref	ZFA:0009014	semapv:UnspecifiedMatching	hematopoietic stem cell	hematopoietic stem cell
CL:0000038	oboInOwl:hasDbXref	BTO:0004911	semapv:UnspecifiedMatching	erythroid progenitor cell	erythroid progenitor cell
CL:0000038	oboInOwl:hasDbXref	ZFA:0009015	semapv:UnspecifiedMatching	erythroid progenitor cell	erythroid progenitor cell
CL:0000039	oboInOwl:hasDbXref	ZFA:0009016	semapv:UnspecifiedMatching	germ line cell	germ line cell
CL:0000040	oboInOwl:hasDbXref	FMA:83553	semapv:UnspecifiedMatching	monoblast	Monoblast
CL:0000040	oboInOwl:hasDbXref	ZFA:0009017	semapv:UnspecifiedMatching	monoblast	monoblast
CL:0000042	oboInOwl:hasDbXref	ZFA:0009018	semapv:UnspecifiedMatching	neutrophilic myeloblast	neutrophilic myeloblast
CL:0000043	oboInOwl:hasDbXref	BTO:0001026	semapv:UnspecifiedMatching	mature basophil	polymorphonuclear leukocyte
CL:0000047	oboInOwl:hasDbXref	BTO:0002881	semapv:UnspecifiedMatching	neural stem cell	neural stem cell
CL:0000047	oboInOwl:hasDbXref	FMA:86684	semapv:UnspecifiedMatching	neural stem cell	Neural stem cell
CL:0000047	oboInOwl:hasDbXref	ZFA:0009019	semapv:UnspecifiedMatching	neural stem cell	neuronal stem cell
CL:0000048	oboInOwl:hasDbXref	FMA:84789	semapv:UnspecifiedMatching	multi fate stem cell	Multipotent stem cell
CL:0000048	oboInOwl:hasDbXref	ZFA:0009020	semapv:UnspecifiedMatching	multi fate stem cell	multi fate stem cell
CL:0000049	oboInOwl:hasDbXref	BTO:0004730	semapv:UnspecifiedMatching	common myeloid progenitor	myeloid progenitor cell
CL:0000049	oboInOwl:hasDbXref	ZFA:0009021	semapv:UnspecifiedMatching	common myeloid progenitor	common myeloid progenitor
CL:0000050	oboInOwl:hasDbXref	ZFA:0009022	semapv:UnspecifiedMatching	megakaryocyte-erythroid progenitor cell	megakaryocyte erythroid progenitor cell
CL:0000051	oboInOwl:hasDbXref	ZFA:0009023	semapv:UnspecifiedMatching	common lymphoid progenitor	common lymphoid progenitor
CL:0000052	oboInOwl:hasDbXref	FMA:84790	semapv:UnspecifiedMatching	totipotent stem cell	Totipotent stem cell
CL:0000052	oboInOwl:hasDbXref	MESH:D039901	semapv:UnspecifiedMatching	totipotent stem cell	
CL:0000052	oboInOwl:hasDbXref	ZFA:0009024	semapv:UnspecifiedMatching	totipotent stem cell	totipotent stem cell
CL:0000055	oboInOwl:hasDbXref	BTO:0000125	semapv:UnspecifiedMatching	non-terminally differentiated cell	blast cell
CL:0000055	oboInOwl:hasDbXref	FMA:84782	semapv:UnspecifiedMatching	non-terminally differentiated cell	Blast cell
CL:0000056	oboInOwl:hasDbXref	BTO:0000222	semapv:UnspecifiedMatching	myoblast	myoblast
CL:0000056	oboInOwl:hasDbXref	FBbt:00005083	semapv:UnspecifiedMatching	myoblast	myoblast
CL:0000056	oboInOwl:hasDbXref	FMA:70335	semapv:UnspecifiedMatching	myoblast	Myoblast
CL:0000056	oboInOwl:hasDbXref	VHOG:0001529	semapv:UnspecifiedMatching	myoblast	
CL:0000056	oboInOwl:hasDbXref	ZFA:0009025	semapv:UnspecifiedMatching	myoblast	myoblast
CL:0000057	oboInOwl:hasDbXref	BTO:0000452	semapv:UnspecifiedMatching	fibroblast	fibroblast
CL:0000057	oboInOwl:hasDbXref	FMA:63877	semapv:UnspecifiedMatching	fibroblast	Fibroblast
CL:0000057	oboInOwl:hasDbXref	NCIT:C12482	semapv:UnspecifiedMatching	fibroblast	Fibroblast
CL:0000057	oboInOwl:hasDbXref	VHOG:0001482	semapv:UnspecifiedMatching	fibroblast	
CL:0000057	oboInOwl:hasDbXref	ZFA:0009026	semapv:UnspecifiedMatching	fibroblast	fibroblast
CL:0000058	oboInOwl:hasDbXref	BTO:0003607	semapv:UnspecifiedMatching	chondroblast	chondroblast
CL:0000058	oboInOwl:hasDbXref	FMA:66783	semapv:UnspecifiedMatching	chondroblast	Chondroblast
CL:0000058	oboInOwl:hasDbXref	ZFA:0009027	semapv:UnspecifiedMatching	chondroblast	chondroblast
CL:0000059	oboInOwl:hasDbXref	BTO:0001663	semapv:UnspecifiedMatching	ameloblast	ameloblast
CL:0000059	oboInOwl:hasDbXref	FMA:70576	semapv:UnspecifiedMatching	ameloblast	Ameloblast
CL:0000060	oboInOwl:hasDbXref	BTO:0001769	semapv:UnspecifiedMatching	odontoblast	odontoblast
CL:0000060	oboInOwl:hasDbXref	FMA:62999	semapv:UnspecifiedMatching	odontoblast	Odontoblast
CL:0000060	oboInOwl:hasDbXref	MESH:D009804	semapv:UnspecifiedMatching	odontoblast	
CL:0000060	oboInOwl:hasDbXref	ZFA:0009029	semapv:UnspecifiedMatching	odontoblast	odontoblast
CL:0000061	oboInOwl:hasDbXref	FMA:63002	semapv:UnspecifiedMatching	cementoblast	Cementoblast
CL:0000061	oboInOwl:hasDbXref	ZFA:0009030	semapv:UnspecifiedMatching	cementoblast	cementoblast
CL:0000062	oboInOwl:hasDbXref	BTO:0001593	semapv:UnspecifiedMatching	osteoblast	osteoblast
CL:0000062	oboInOwl:hasDbXref	FMA:66780	semapv:UnspecifiedMatching	osteoblast	Osteoblast
CL:0000062	oboInOwl:hasDbXref	ZFA:0009031	semapv:UnspecifiedMatching	osteoblast	osteoblast
CL:0000064	oboInOwl:hasDbXref	VHOG:0001532	semapv:UnspecifiedMatching	ciliated cell	
CL:0000064	oboInOwl:hasDbXref	XAO:0000031	semapv:UnspecifiedMatching	ciliated cell	ciliated epidermal cell
CL:0000064	oboInOwl:hasDbXref	ZFA:0009032	semapv:UnspecifiedMatching	ciliated cell	ciliated cell
CL:0000065	oboInOwl:hasDbXref	BTO:0001724	semapv:UnspecifiedMatching	ependymal cell	ependymocyte
CL:0000065	oboInOwl:hasDbXref	FMA:70550	semapv:UnspecifiedMatching	ependymal cell	Ependymal cell
CL:0000065	oboInOwl:hasDbXref	ZFA:0009033	semapv:UnspecifiedMatching	ependymal cell	ependymal cell
CL:0000066	oboInOwl:hasDbXref	BTO:0000414	semapv:UnspecifiedMatching	epithelial cell	epithelial cell
CL:0000066	oboInOwl:hasDbXref	CARO:0000077	semapv:UnspecifiedMatching	epithelial cell	epithelial cell
CL:0000066	oboInOwl:hasDbXref	FBbt:00000124	semapv:UnspecifiedMatching	epithelial cell	epithelial cell
CL:0000066	oboInOwl:hasDbXref	FMA:66768	semapv:UnspecifiedMatching	epithelial cell	Epithelial cell
CL:0000066	oboInOwl:hasDbXref	WBbt:0003672	semapv:UnspecifiedMatching	epithelial cell	epithelial cell
CL:0000066	oboInOwl:hasDbXref	ZFA:0009034	semapv:UnspecifiedMatching	epithelial cell	epithelial cell
CL:0000067	oboInOwl:hasDbXref	FMA:70605	semapv:UnspecifiedMatching	ciliated epithelial cell	Ciliary epithelial cell
CL:0000067	oboInOwl:hasDbXref	ZFA:0009035	semapv:UnspecifiedMatching	ciliated epithelial cell	ciliated epithelial cell
CL:0000068	oboInOwl:hasDbXref	ZFA:0009372	semapv:UnspecifiedMatching	duct epithelial cell	duct epithelial cell
CL:0000071	oboInOwl:hasDbXref	ZFA:0009036	semapv:UnspecifiedMatching	blood vessel endothelial cell	blood vessel endothelial cell
CL:0000075	oboInOwl:hasDbXref	ZFA:0009038	semapv:UnspecifiedMatching	columnar/cuboidal epithelial cell	columnar/cuboidal epithelial cell
CL:0000076	oboInOwl:hasDbXref	ZFA:0009039	semapv:UnspecifiedMatching	squamous epithelial cell	squamous epithelial cell
CL:0000077	oboInOwl:hasDbXref	FMA:66773	semapv:UnspecifiedMatching	mesothelial cell	Mesothelial cell
CL:0000077	oboInOwl:hasDbXref	ZFA:0009040	semapv:UnspecifiedMatching	mesothelial cell	mesothelial cell
CL:0000078	oboInOwl:hasDbXref	ZFA:0009041	semapv:UnspecifiedMatching	peridermal cell	peridermal cell
CL:0000079	oboInOwl:hasDbXref	ZFA:0009042	semapv:UnspecifiedMatching	stratified epithelial cell	stratified epithelial cell
CL:0000080	oboInOwl:hasDbXref	ZFA:0009043	semapv:UnspecifiedMatching	circulating cell	circulating cell
CL:0000081	oboInOwl:hasDbXref	FMA:62844	semapv:UnspecifiedMatching	blood cell	Blood cell
CL:0000081	oboInOwl:hasDbXref	MESH:D001773	semapv:UnspecifiedMatching	blood cell	
CL:0000081	oboInOwl:hasDbXref	ZFA:0009044	semapv:UnspecifiedMatching	blood cell	blood cell
CL:0000082	oboInOwl:hasDbXref	BTO:0004299	semapv:UnspecifiedMatching	epithelial cell of lung	lung epithelial cell
CL:0000083	oboInOwl:hasDbXref	BTO:0000028	semapv:UnspecifiedMatching	epithelial cell of pancreas	pancreatic acinar cell
CL:0000083	oboInOwl:hasDbXref	ZFA:0009045	semapv:UnspecifiedMatching	epithelial cell of pancreas	epithelial cell of pancreas
CL:0000084	oboInOwl:hasDbXref	BTO:0000782	semapv:UnspecifiedMatching	T cell	T-lymphocyte
CL:0000084	oboInOwl:hasDbXref	FMA:62870	semapv:UnspecifiedMatching	T cell	T lymphocyte
CL:0000084	oboInOwl:hasDbXref	MESH:D013601	semapv:UnspecifiedMatching	T cell	
CL:0000084	oboInOwl:hasDbXref	VHOG:0001479	semapv:UnspecifiedMatching	T cell	
CL:0000084	oboInOwl:hasDbXref	ZFA:0009046	semapv:UnspecifiedMatching	T cell	T cell
CL:0000091	oboInOwl:hasDbXref	BTO:0000685	semapv:UnspecifiedMatching	Kupffer cell	Kupffer cell
CL:0000091	oboInOwl:hasDbXref	FMA:14656	semapv:UnspecifiedMatching	Kupffer cell	Hepatic macrophage
CL:0000092	oboInOwl:hasDbXref	BTO:0000968	semapv:UnspecifiedMatching	osteoclast	osteoclast
CL:0000092	oboInOwl:hasDbXref	FMA:66781	semapv:UnspecifiedMatching	osteoclast	Osteoclast
CL:0000092	oboInOwl:hasDbXref	MESH:D010010	semapv:UnspecifiedMatching	osteoclast	
CL:0000092	oboInOwl:hasDbXref	ZFA:0009047	semapv:UnspecifiedMatching	osteoclast	osteoclast
CL:0000094	oboInOwl:hasDbXref	BTO:0000539	semapv:UnspecifiedMatching	granulocyte	granulocyte
CL:0000094	oboInOwl:hasDbXref	BTO:0001026	semapv:UnspecifiedMatching	granulocyte	polymorphonuclear leukocyte
CL:0000094	oboInOwl:hasDbXref	FMA:62854	semapv:UnspecifiedMatching	granulocyte	Granular leukocyte
CL:0000094	oboInOwl:hasDbXref	ZFA:0009048	semapv:UnspecifiedMatching	granulocyte	granulocyte
CL:0000096	oboInOwl:hasDbXref	BTO:0003473	semapv:UnspecifiedMatching	mature neutrophil	polymorphonuclear neutrophil
CL:0000096	oboInOwl:hasDbXref	ZFA:0009049	semapv:UnspecifiedMatching	mature neutrophil	mature neutrophil
CL:0000097	oboInOwl:hasDbXref	BTO:0000830	semapv:UnspecifiedMatching	mast cell	mast cell
CL:0000097	oboInOwl:hasDbXref	FMA:66784	semapv:UnspecifiedMatching	mast cell	Mast cell
CL:0000098	oboInOwl:hasDbXref	BTO:0004301	semapv:UnspecifiedMatching	sensory epithelial cell	neuroepithelial cell
CL:0000098	oboInOwl:hasDbXref	ZFA:0009050	semapv:UnspecifiedMatching	sensory epithelial cell	sensory epithelial cell
CL:0000099	oboInOwl:hasDbXref	BTO:0003811	semapv:UnspecifiedMatching	interneuron	interneuron
CL:0000099	oboInOwl:hasDbXref	FBbt:00005125	semapv:UnspecifiedMatching	interneuron	interneuron
CL:0000099	oboInOwl:hasDbXref	FMA:67313	semapv:UnspecifiedMatching	interneuron	Interneuron
CL:0000099	oboInOwl:hasDbXref	WBbt:0005113	semapv:UnspecifiedMatching	interneuron	interneuron
CL:0000099	oboInOwl:hasDbXref	ZFA:0009051	semapv:UnspecifiedMatching	interneuron	interneuron
CL:0000100	oboInOwl:hasDbXref	BTO:0000312	semapv:UnspecifiedMatching	motor neuron	motoneuron
CL:0000100	oboInOwl:hasDbXref	FBbt:00005123	semapv:UnspecifiedMatching	motor neuron	motor neuron
CL:0000100	oboInOwl:hasDbXref	FMA:83617	semapv:UnspecifiedMatching	motor neuron	Motor neuron
CL:0000100	oboInOwl:hasDbXref	WBbt:0005409	semapv:UnspecifiedMatching	motor neuron	motor neuron
CL:0000100	oboInOwl:hasDbXref	ZFA:0009052	semapv:UnspecifiedMatching	motor neuron	motor neuron
CL:0000101	oboInOwl:hasDbXref	BTO:0001037	semapv:UnspecifiedMatching	sensory neuron	sensory cell
CL:0000101	oboInOwl:hasDbXref	FBbt:00005124	semapv:UnspecifiedMatching	sensory neuron	sensory neuron
CL:0000101	oboInOwl:hasDbXref	FMA:84649	semapv:UnspecifiedMatching	sensory neuron	Sensory neuron
CL:0000101	oboInOwl:hasDbXref	MESH:D011984	semapv:UnspecifiedMatching	sensory neuron	
CL:0000101	oboInOwl:hasDbXref	WBbt:0005759	semapv:UnspecifiedMatching	sensory neuron	sensory neuron
CL:0000101	oboInOwl:hasDbXref	ZFA:0009053	semapv:UnspecifiedMatching	sensory neuron	sensory neuron
CL:0000102	oboInOwl:hasDbXref	ZFA:0009054	semapv:UnspecifiedMatching	polymodal neuron	polymodal neuron
CL:0000103	oboInOwl:hasDbXref	FMA:67282	semapv:UnspecifiedMatching	bipolar neuron	Bipolar neuron
CL:0000103	oboInOwl:hasDbXref	ZFA:0009055	semapv:UnspecifiedMatching	bipolar neuron	bipolar neuron
CL:0000104	oboInOwl:hasDbXref	FMA:67287	semapv:UnspecifiedMatching	multipolar neuron	Multipolar neuron
CL:0000104	oboInOwl:hasDbXref	ZFA:0009056	semapv:UnspecifiedMatching	multipolar neuron	multipolar neuron
CL:0000105	oboInOwl:hasDbXref	FMA:67305	semapv:UnspecifiedMatching	pseudounipolar neuron	Pseudo-unipolar neuron
CL:0000105	oboInOwl:hasDbXref	ZFA:0009057	semapv:UnspecifiedMatching	pseudounipolar neuron	pseudounipolar neuron
CL:0000106	oboInOwl:hasDbXref	FMA:67278	semapv:UnspecifiedMatching	unipolar neuron	Unipolar neuron
CL:0000106	oboInOwl:hasDbXref	ZFA:0009058	semapv:UnspecifiedMatching	unipolar neuron	unipolar neuron
CL:0000107	oboInOwl:hasDbXref	FMA:80121	semapv:UnspecifiedMatching	autonomic neuron	Autonomic ganglion neuron
CL:0000107	oboInOwl:hasDbXref	ZFA:0009059	semapv:UnspecifiedMatching	autonomic neuron	autonomic neuron
CL:0000108	oboInOwl:hasDbXref	BTO:0004902	semapv:UnspecifiedMatching	cholinergic neuron	cholinergic neuron
CL:0000108	oboInOwl:hasDbXref	FBbt:00007173	semapv:UnspecifiedMatching	cholinergic neuron	cholinergic neuron
CL:0000108	oboInOwl:hasDbXref	FMA:84796	semapv:UnspecifiedMatching	cholinergic neuron	Cholinergic neuron
CL:0000108	oboInOwl:hasDbXref	MESH:D059329	semapv:UnspecifiedMatching	cholinergic neuron	
CL:0000108	oboInOwl:hasDbXref	WBbt:0006840	semapv:UnspecifiedMatching	cholinergic neuron	cholinergic neuron
CL:0000108	oboInOwl:hasDbXref	ZFA:0009060	semapv:UnspecifiedMatching	cholinergic neuron	cholinergic neuron
CL:0000109	oboInOwl:hasDbXref	MESH:D059331	semapv:UnspecifiedMatching	adrenergic neuron	
CL:0000109	oboInOwl:hasDbXref	ZFA:0009061	semapv:UnspecifiedMatching	adrenergic neuron	adrenergic neuron
CL:0000110	oboInOwl:hasDbXref	FBbt:00004101	semapv:UnspecifiedMatching	peptidergic neuron	peptidergic neuron
CL:0000110	oboInOwl:hasDbXref	ZFA:0009062	semapv:UnspecifiedMatching	peptidergic neuron	peptidergic neuron
CL:0000111	oboInOwl:hasDbXref	FMA:84664	semapv:UnspecifiedMatching	obsolete peripheral neuron	Peripheral neuron
CL:0000113	oboInOwl:hasDbXref	BTO:0001433	semapv:UnspecifiedMatching	mononuclear phagocyte	mononuclear phagocyte
CL:0000113	oboInOwl:hasDbXref	ZFA:0009064	semapv:UnspecifiedMatching	mononuclear phagocyte	mononuclear phagocyte
CL:0000114	oboInOwl:hasDbXref	FMA:72552	semapv:UnspecifiedMatching	surface ectodermal cell	Cell of surface ectoderm
CL:0000115	oboInOwl:hasDbXref	BTO:0001176	semapv:UnspecifiedMatching	endothelial cell	endothelial cell
CL:0000115	oboInOwl:hasDbXref	FMA:66772	semapv:UnspecifiedMatching	endothelial cell	Endothelial cell
CL:0000115	oboInOwl:hasDbXref	ZFA:0009065	semapv:UnspecifiedMatching	endothelial cell	endothelial cell
CL:0000116	oboInOwl:hasDbXref	FBbt:00005128	semapv:UnspecifiedMatching	pioneer neuron	pioneer neuron
CL:0000116	oboInOwl:hasDbXref	ZFA:0009066	semapv:UnspecifiedMatching	pioneer neuron	pioneer neuron
CL:0000117	oboInOwl:hasDbXref	ZFA:0009067	semapv:UnspecifiedMatching	CNS neuron (sensu Vertebrata)	CNS neuron (sensu Vertebrata)
CL:0000118	oboInOwl:hasDbXref	ZFA:0009068	semapv:UnspecifiedMatching	basket cell	basket cell
CL:0000119	oboInOwl:hasDbXref	MESH:D000080906	semapv:UnspecifiedMatching	cerebellar Golgi cell	
CL:0000119	oboInOwl:hasDbXref	ZFA:0009069	semapv:UnspecifiedMatching	cerebellar Golgi cell	Golgi cell
CL:0000120	oboInOwl:hasDbXref	BTO:0003393	semapv:UnspecifiedMatching	granule cell	granule cell
CL:0000120	oboInOwl:hasDbXref	ZFA:0009070	semapv:UnspecifiedMatching	granule cell	granule cell
CL:0000121	oboInOwl:hasDbXref	BTO:0001011	semapv:UnspecifiedMatching	Purkinje cell	cerebellar Purkinje cell
CL:0000121	oboInOwl:hasDbXref	FMA:67969	semapv:UnspecifiedMatching	Purkinje cell	Purkinje neuron
CL:0000121	oboInOwl:hasDbXref	ZFA:0009071	semapv:UnspecifiedMatching	Purkinje cell	Purkinje cell
CL:0000122	oboInOwl:hasDbXref	BTO:0002316	semapv:UnspecifiedMatching	stellate neuron	stellate cell
CL:0000122	oboInOwl:hasDbXref	ZFA:0009072	semapv:UnspecifiedMatching	stellate neuron	stellate cell
CL:0000125	oboInOwl:hasDbXref	BTO:0002606	semapv:UnspecifiedMatching	glial cell	glial cell
CL:0000125	oboInOwl:hasDbXref	FBbt:00005144	semapv:UnspecifiedMatching	glial cell	glial cell
CL:0000125	oboInOwl:hasDbXref	FMA:54536	semapv:UnspecifiedMatching	glial cell	Neuroglial cell
CL:0000125	oboInOwl:hasDbXref	ZFA:0009073	semapv:UnspecifiedMatching	glial cell	glial cell
CL:0000126	oboInOwl:hasDbXref	BTO:0000771	semapv:UnspecifiedMatching	macroglial cell	macroglia
CL:0000126	oboInOwl:hasDbXref	FMA:54538	semapv:UnspecifiedMatching	macroglial cell	Macroglial cell
CL:0000126	oboInOwl:hasDbXref	ZFA:0009074	semapv:UnspecifiedMatching	macroglial cell	macroglial cell
CL:0000127	oboInOwl:hasDbXref	BTO:0000099	semapv:UnspecifiedMatching	astrocyte	astrocyte
CL:0000127	oboInOwl:hasDbXref	FMA:54537	semapv:UnspecifiedMatching	astrocyte	Astrocyte
CL:0000127	oboInOwl:hasDbXref	ZFA:0009075	semapv:UnspecifiedMatching	astrocyte	astrocyte
CL:0000128	oboInOwl:hasDbXref	BTO:0000962	semapv:UnspecifiedMatching	oligodendrocyte	oligodendrocyte
CL:0000128	oboInOwl:hasDbXref	FMA:54540	semapv:UnspecifiedMatching	oligodendrocyte	Oligodendrocyte
CL:0000128	oboInOwl:hasDbXref	ZFA:0009076	semapv:UnspecifiedMatching	oligodendrocyte	oligodendrocyte
CL:0000129	oboInOwl:hasDbXref	BTO:0000078	semapv:UnspecifiedMatching	microglial cell	microglia
CL:0000129	oboInOwl:hasDbXref	BTO:0000962	semapv:UnspecifiedMatching	microglial cell	oligodendrocyte
CL:0000129	oboInOwl:hasDbXref	FMA:54539	semapv:UnspecifiedMatching	microglial cell	Microglial cell
CL:0000129	oboInOwl:hasDbXref	ZFA:0009077	semapv:UnspecifiedMatching	microglial cell	microglial cell
CL:0000131	oboInOwl:hasDbXref	ZFA:0009078	semapv:UnspecifiedMatching	gut endothelial cell	gut endothelial cell
CL:0000132	oboInOwl:hasDbXref	FMA:70614	semapv:UnspecifiedMatching	corneal endothelial cell	Corneal endothelial cell
CL:0000132	oboInOwl:hasDbXref	ZFA:0009079	semapv:UnspecifiedMatching	corneal endothelial cell	corneal endothelial cell
CL:0000133	oboInOwl:hasDbXref	ZFA:0009080	semapv:UnspecifiedMatching	neurectodermal cell	neurectodermal cell
CL:0000134	oboInOwl:hasDbXref	BTO:0002625	semapv:UnspecifiedMatching	mesenchymal stem cell	mesenchymal cell
CL:0000134	oboInOwl:hasDbXref	BTO:0003298	semapv:UnspecifiedMatching	mesenchymal stem cell	mesenchymal stem cell
CL:0000134	oboInOwl:hasDbXref	FMA:70546	semapv:UnspecifiedMatching	mesenchymal stem cell	Mesenchymal cell
CL:0000134	oboInOwl:hasDbXref	ZFA:0009081	semapv:UnspecifiedMatching	mesenchymal stem cell	mesenchymal cell
CL:0000135	oboInOwl:hasDbXref	FMA:63879	semapv:UnspecifiedMatching	fibrocyte	Fibrocyte
CL:0000136	oboInOwl:hasDbXref	BTO:0000443	semapv:UnspecifiedMatching	adipocyte	adipocyte
CL:0000136	oboInOwl:hasDbXref	FMA:63880	semapv:UnspecifiedMatching	adipocyte	Adipocyte
CL:0000136	oboInOwl:hasDbXref	ZFA:0009082	semapv:UnspecifiedMatching	adipocyte	fat cell
CL:0000137	oboInOwl:hasDbXref	BTO:0002038	semapv:UnspecifiedMatching	osteocyte	osteocyte
CL:0000137	oboInOwl:hasDbXref	FMA:66779	semapv:UnspecifiedMatching	osteocyte	Osteocyte
CL:0000137	oboInOwl:hasDbXref	VSAO:0000124	semapv:UnspecifiedMatching	osteocyte	
CL:0000137	oboInOwl:hasDbXref	ZFA:0009083	semapv:UnspecifiedMatching	osteocyte	osteocyte
CL:0000138	oboInOwl:hasDbXref	BTO:0000249	semapv:UnspecifiedMatching	chondrocyte	chondrocyte
CL:0000138	oboInOwl:hasDbXref	FMA:66782	semapv:UnspecifiedMatching	chondrocyte	Chondrocyte
CL:0000138	oboInOwl:hasDbXref	ZFA:0009084	semapv:UnspecifiedMatching	chondrocyte	chondrocyte
CL:0000140	oboInOwl:hasDbXref	ZFA:0009086	semapv:UnspecifiedMatching	odontocyte	odontocyte
CL:0000141	oboInOwl:hasDbXref	FMA:63003	semapv:UnspecifiedMatching	cementocyte	Cementocyte
CL:0000141	oboInOwl:hasDbXref	ZFA:0009087	semapv:UnspecifiedMatching	cementocyte	cementocyte
CL:0000142	oboInOwl:hasDbXref	BTO:0004271	semapv:UnspecifiedMatching	hyalocyte	hyalocyte
CL:0000142	oboInOwl:hasDbXref	FMA:70620	semapv:UnspecifiedMatching	hyalocyte	Hyalocyte
CL:0000145	oboInOwl:hasDbXref	ZFA:0009088	semapv:UnspecifiedMatching	professional antigen presenting cell	professional antigen presenting cell
CL:0000146	oboInOwl:hasDbXref	ZFA:0009089	semapv:UnspecifiedMatching	simple columnar epithelial cell	simple columnar epithelial cell
CL:0000147	oboInOwl:hasDbXref	VHOG:0001678	semapv:UnspecifiedMatching	pigment cell	
CL:0000147	oboInOwl:hasDbXref	ZFA:0009090	semapv:UnspecifiedMatching	pigment cell	pigment cell
CL:0000148	oboInOwl:hasDbXref	BTO:0000847	semapv:UnspecifiedMatching	melanocyte	melanocyte
CL:0000148	oboInOwl:hasDbXref	FMA:70545	semapv:UnspecifiedMatching	melanocyte	Melanocyte
CL:0000148	oboInOwl:hasDbXref	MESH:D008544	semapv:UnspecifiedMatching	melanocyte	
CL:0000148	oboInOwl:hasDbXref	VHOG:0001679	semapv:UnspecifiedMatching	melanocyte	
CL:0000148	oboInOwl:hasDbXref	ZFA:0009091	semapv:UnspecifiedMatching	melanocyte	melanocyte
CL:0000150	oboInOwl:hasDbXref	FMA:86494	semapv:UnspecifiedMatching	glandular epithelial cell	Glandular cell
CL:0000151	oboInOwl:hasDbXref	BTO:0003659	semapv:UnspecifiedMatching	secretory cell	secretory cell
CL:0000151	oboInOwl:hasDbXref	FMA:86916	semapv:UnspecifiedMatching	secretory cell	Secretory cell
CL:0000152	oboInOwl:hasDbXref	FMA:16014	semapv:UnspecifiedMatching	exocrine cell	Exocrine cell
CL:0000152	oboInOwl:hasDbXref	ZFA:0009092	semapv:UnspecifiedMatching	exocrine cell	exocrine cell
CL:0000153	oboInOwl:hasDbXref	ZFA:0009093	semapv:UnspecifiedMatching	glycosaminoglycan secreting cell	GAG secreting cell
CL:0000155	oboInOwl:hasDbXref	FMA:62902	semapv:UnspecifiedMatching	peptic cell	Chief cell of stomach
CL:0000158	oboInOwl:hasDbXref	BTO:0004811	semapv:UnspecifiedMatching	club cell	Clara cell
CL:0000158	oboInOwl:hasDbXref	FMA:14119	semapv:UnspecifiedMatching	club cell	Bronchiolar non-ciliated cell
CL:0000160	oboInOwl:hasDbXref	BTO:0001540	semapv:UnspecifiedMatching	goblet cell	goblet cell
CL:0000160	oboInOwl:hasDbXref	FMA:13148	semapv:UnspecifiedMatching	goblet cell	Goblet cell
CL:0000160	oboInOwl:hasDbXref	ZFA:0009094	semapv:UnspecifiedMatching	goblet cell	goblet cell
CL:0000160	oboInOwl:hasDbXref	wikipedia.en:Goblet_cell	semapv:UnspecifiedMatching	goblet cell	
CL:0000162	oboInOwl:hasDbXref	BTO:0001780	semapv:UnspecifiedMatching	parietal cell	oxyntic cell
CL:0000162	oboInOwl:hasDbXref	FMA:62901	semapv:UnspecifiedMatching	parietal cell	Oxyntic cell
CL:0000163	oboInOwl:hasDbXref	FMA:83809	semapv:UnspecifiedMatching	endocrine cell	Endocrine cell
CL:0000163	oboInOwl:hasDbXref	ZFA:0009096	semapv:UnspecifiedMatching	endocrine cell	endocrine cell
CL:0000164	oboInOwl:hasDbXref	BTO:0003865	semapv:UnspecifiedMatching	enteroendocrine cell	enteroendocrine cell
CL:0000164	oboInOwl:hasDbXref	FMA:62930	semapv:UnspecifiedMatching	enteroendocrine cell	Enteroendocrine cell
CL:0000164	oboInOwl:hasDbXref	MESH:D019858	semapv:UnspecifiedMatching	enteroendocrine cell	
CL:0000164	oboInOwl:hasDbXref	ZFA:0009097	semapv:UnspecifiedMatching	enteroendocrine cell	enteroendocrine cell
CL:0000165	oboInOwl:hasDbXref	BTO:0002691	semapv:UnspecifiedMatching	neuroendocrine cell	neuroendocrine cell
CL:0000165	oboInOwl:hasDbXref	FBbt:00005130	semapv:UnspecifiedMatching	neuroendocrine cell	neurosecretory neuron
CL:0000165	oboInOwl:hasDbXref	FMA:83810	semapv:UnspecifiedMatching	neuroendocrine cell	Neuroendocrine cell
CL:0000165	oboInOwl:hasDbXref	ZFA:0009098	semapv:UnspecifiedMatching	neuroendocrine cell	neuroendocrine cell
CL:0000166	oboInOwl:hasDbXref	BTO:0000259	semapv:UnspecifiedMatching	chromaffin cell	chromaffin cell
CL:0000166	oboInOwl:hasDbXref	FMA:69263	semapv:UnspecifiedMatching	chromaffin cell	Chromaffin cell
CL:0000166	oboInOwl:hasDbXref	ZFA:0009099	semapv:UnspecifiedMatching	chromaffin cell	chromaffin cell
CL:0000167	oboInOwl:hasDbXref	ZFA:0009100	semapv:UnspecifiedMatching	peptide hormone secreting cell	peptide hormone secreting cell
CL:0000168	oboInOwl:hasDbXref	BTO:0000783	semapv:UnspecifiedMatching	insulin secreting cell	pancreatic beta cell
CL:0000168	oboInOwl:hasDbXref	ZFA:0009101	semapv:UnspecifiedMatching	insulin secreting cell	insulin secreting cell
CL:0000169	oboInOwl:hasDbXref	BTO:0000783	semapv:UnspecifiedMatching	type B pancreatic cell	pancreatic beta cell
CL:0000169	oboInOwl:hasDbXref	EV:0200009	semapv:UnspecifiedMatching	type B pancreatic cell	
CL:0000169	oboInOwl:hasDbXref	FMA:70586	semapv:UnspecifiedMatching	type B pancreatic cell	Type B cell of pancreatic islet
CL:0000169	oboInOwl:hasDbXref	MA:0002419	semapv:UnspecifiedMatching	type B pancreatic cell	pancreatic islet core
CL:0000169	oboInOwl:hasDbXref	ZFA:0009102	semapv:UnspecifiedMatching	type B pancreatic cell	pancreatic B cell
CL:0000170	oboInOwl:hasDbXref	FMA:84045	semapv:UnspecifiedMatching	glucagon secreting cell	Glucagon-secreting cell
CL:0000170	oboInOwl:hasDbXref	ZFA:0009103	semapv:UnspecifiedMatching	glucagon secreting cell	glucagon secreting cell
CL:0000171	oboInOwl:hasDbXref	BTO:0000990	semapv:UnspecifiedMatching	pancreatic A cell	pancreatic alpha cell
CL:0000171	oboInOwl:hasDbXref	FMA:70585	semapv:UnspecifiedMatching	pancreatic A cell	Type A cell of pancreatic islet
CL:0000171	oboInOwl:hasDbXref	MESH:D050416	semapv:UnspecifiedMatching	pancreatic A cell	
CL:0000171	oboInOwl:hasDbXref	ZFA:0009104	semapv:UnspecifiedMatching	pancreatic A cell	pancreatic A cell
CL:0000172	oboInOwl:hasDbXref	ZFA:0009105	semapv:UnspecifiedMatching	somatostatin secreting cell	somatostatin secreting cell
CL:0000173	oboInOwl:hasDbXref	BTO:0000803	semapv:UnspecifiedMatching	pancreatic D cell	pancreatic delta cell
CL:0000173	oboInOwl:hasDbXref	FMA:70587	semapv:UnspecifiedMatching	pancreatic D cell	Type D cell of pancreatic islet
CL:0000173	oboInOwl:hasDbXref	ZFA:0005743	semapv:UnspecifiedMatching	pancreatic D cell	pancreatic D cell
CL:0000174	oboInOwl:hasDbXref	ZFA:0009106	semapv:UnspecifiedMatching	steroid hormone secreting cell	steroid hormone secreting cell
CL:0000175	oboInOwl:hasDbXref	BTO:0003939	semapv:UnspecifiedMatching	luteal cell	luteal cell
CL:0000175	oboInOwl:hasDbXref	FMA:18688	semapv:UnspecifiedMatching	luteal cell	Lutein cell
CL:0000177	oboInOwl:hasDbXref	ZFA:0009107	semapv:UnspecifiedMatching	testosterone secreting cell	testosterone secreting cell
CL:0000178	oboInOwl:hasDbXref	BTO:0000755	semapv:UnspecifiedMatching	Leydig cell	Leydig cell
CL:0000178	oboInOwl:hasDbXref	EMAPA:29655	semapv:UnspecifiedMatching	Leydig cell	Leydig cell
CL:0000178	oboInOwl:hasDbXref	FMA:72297	semapv:UnspecifiedMatching	Leydig cell	Interstitial cell of Leydig
CL:0000178	oboInOwl:hasDbXref	MESH:D007985	semapv:UnspecifiedMatching	Leydig cell	
CL:0000178	oboInOwl:hasDbXref	ZFA:0009108	semapv:UnspecifiedMatching	Leydig cell	Leydig cell
CL:0000179	oboInOwl:hasDbXref	ZFA:0009109	semapv:UnspecifiedMatching	progesterone secreting cell	progesterone secreting cell
CL:0000180	oboInOwl:hasDbXref	ZFA:0009110	semapv:UnspecifiedMatching	estradiol secreting cell	estradiol secreting cell
CL:0000182	oboInOwl:hasDbXref	BTO:0000575	semapv:UnspecifiedMatching	hepatocyte	hepatocyte
CL:0000182	oboInOwl:hasDbXref	FMA:14515	semapv:UnspecifiedMatching	hepatocyte	Hepatocyte
CL:0000182	oboInOwl:hasDbXref	ZFA:0009111	semapv:UnspecifiedMatching	hepatocyte	hepatocyte
CL:0000185	oboInOwl:hasDbXref	BTO:0002309	semapv:UnspecifiedMatching	myoepithelial cell	myoepithelial cell
CL:0000185	oboInOwl:hasDbXref	FMA:67799	semapv:UnspecifiedMatching	myoepithelial cell	Myoepithelial cell
CL:0000185	oboInOwl:hasDbXref	ZFA:0009113	semapv:UnspecifiedMatching	myoepithelial cell	myoepithelial cell
CL:0000187	oboInOwl:hasDbXref	BTO:0000888	semapv:UnspecifiedMatching	muscle cell	muscle fibre
CL:0000187	oboInOwl:hasDbXref	BTO:0000902	semapv:UnspecifiedMatching	muscle cell	plant vessel
CL:0000187	oboInOwl:hasDbXref	FBbt:00005074	semapv:UnspecifiedMatching	muscle cell	muscle cell
CL:0000187	oboInOwl:hasDbXref	FMA:67328	semapv:UnspecifiedMatching	muscle cell	Muscle cell
CL:0000187	oboInOwl:hasDbXref	WBbt:0003675	semapv:UnspecifiedMatching	muscle cell	muscle cell
CL:0000187	oboInOwl:hasDbXref	ZFA:0009114	semapv:UnspecifiedMatching	muscle cell	muscle cell
CL:0000188	oboInOwl:hasDbXref	BTO:0004392	semapv:UnspecifiedMatching	cell of skeletal muscle	skeletal muscle cell
CL:0000188	oboInOwl:hasDbXref	FMA:9727	semapv:UnspecifiedMatching	cell of skeletal muscle	Skeletal muscle cell
CL:0000188	oboInOwl:hasDbXref	ZFA:0009115	semapv:UnspecifiedMatching	cell of skeletal muscle	skeletal muscle cell
CL:0000189	oboInOwl:hasDbXref	ZFA:0009116	semapv:UnspecifiedMatching	slow muscle cell	slow muscle cell
CL:0000190	oboInOwl:hasDbXref	ZFA:0009117	semapv:UnspecifiedMatching	fast muscle cell	fast muscle cell
CL:0000192	oboInOwl:hasDbXref	BTO:0004576	semapv:UnspecifiedMatching	smooth muscle cell	smooth muscle cell
CL:0000192	oboInOwl:hasDbXref	FMA:14072	semapv:UnspecifiedMatching	smooth muscle cell	Smooth muscle cell
CL:0000192	oboInOwl:hasDbXref	ZFA:0009118	semapv:UnspecifiedMatching	smooth muscle cell	smooth muscle cell
CL:0000196	oboInOwl:hasDbXref	FBbt:00003360	semapv:UnspecifiedMatching	insect flight muscle cell	flight muscle cell
CL:0000197	oboInOwl:hasDbXref	MESH:D011984	semapv:UnspecifiedMatching	sensory receptor cell	
CL:0000198	oboInOwl:hasDbXref	ZFA:0009119	semapv:UnspecifiedMatching	pain receptor cell	pain receptor cell
CL:0000199	oboInOwl:hasDbXref	ZFA:0009120	semapv:UnspecifiedMatching	mechanoreceptor cell	mechanoreceptor cell
CL:0000202	oboInOwl:hasDbXref	ZFA:0009121	semapv:UnspecifiedMatching	auditory hair cell	auditory receptor cell
CL:0000205	oboInOwl:hasDbXref	ZFA:0009123	semapv:UnspecifiedMatching	thermoreceptor cell	thermoreceptor cell
CL:0000206	oboInOwl:hasDbXref	ZFA:0009124	semapv:UnspecifiedMatching	chemoreceptor cell	chemoreceptor cell
CL:0000207	oboInOwl:hasDbXref	BTO:0004185	semapv:UnspecifiedMatching	olfactory receptor cell	olfactory receptor neuron
CL:0000207	oboInOwl:hasDbXref	FMA:67860	semapv:UnspecifiedMatching	olfactory receptor cell	Olfactory receptor cell
CL:0000207	oboInOwl:hasDbXref	MESH:D018034	semapv:UnspecifiedMatching	olfactory receptor cell	
CL:0000207	oboInOwl:hasDbXref	Wikipedia:Olfactory_receptor_neuron	semapv:UnspecifiedMatching	olfactory receptor cell	
CL:0000207	oboInOwl:hasDbXref	ZFA:0009125	semapv:UnspecifiedMatching	olfactory receptor cell	olfactory receptor cell
CL:0000209	oboInOwl:hasDbXref	FMA:67910	semapv:UnspecifiedMatching	taste receptor cell	Taste bud cell
CL:0000209	oboInOwl:hasDbXref	ZFA:0009126	semapv:UnspecifiedMatching	taste receptor cell	taste receptor cell
CL:0000210	oboInOwl:hasDbXref	BTO:0001060	semapv:UnspecifiedMatching	photoreceptor cell	photoreceptor cell
CL:0000210	oboInOwl:hasDbXref	FBbt:00004211	semapv:UnspecifiedMatching	photoreceptor cell	photoreceptor neuron
CL:0000210	oboInOwl:hasDbXref	FMA:86740	semapv:UnspecifiedMatching	photoreceptor cell	Photoreceptor cell
CL:0000210	oboInOwl:hasDbXref	ZFA:0009127	semapv:UnspecifiedMatching	photoreceptor cell	photoreceptor cell
CL:0000211	oboInOwl:hasDbXref	ZFA:0009128	semapv:UnspecifiedMatching	electrically active cell	electrically active cell
CL:0000212	oboInOwl:hasDbXref	ZFA:0009129	semapv:UnspecifiedMatching	absorptive cell	absorptive cell
CL:0000213	oboInOwl:hasDbXref	ZFA:0009130	semapv:UnspecifiedMatching	lining cell	lining cell
CL:0000214	oboInOwl:hasDbXref	ZFA:0009131	semapv:UnspecifiedMatching	synovial cell	synovial cell
CL:0000215	oboInOwl:hasDbXref	ZFA:0009132	semapv:UnspecifiedMatching	barrier cell	barrier cell
CL:0000216	oboInOwl:hasDbXref	BTO:0001238	semapv:UnspecifiedMatching	Sertoli cell	Sertoli cell
CL:0000216	oboInOwl:hasDbXref	FMA:72298	semapv:UnspecifiedMatching	Sertoli cell	Sertoli cell
CL:0000216	oboInOwl:hasDbXref	VHOG:0001348	semapv:UnspecifiedMatching	Sertoli cell	
CL:0000216	oboInOwl:hasDbXref	ZFA:0009133	semapv:UnspecifiedMatching	Sertoli cell	Sertoli cell
CL:0000217	oboInOwl:hasDbXref	ZFA:0009134	semapv:UnspecifiedMatching	insulating cell	insulating cell
CL:0000218	oboInOwl:hasDbXref	FMA:62121	semapv:UnspecifiedMatching	myelinating Schwann cell	Schwann cell
CL:0000218	oboInOwl:hasDbXref	ZFA:0009135	semapv:UnspecifiedMatching	myelinating Schwann cell	myelinating Schwann cell
CL:0000219	oboInOwl:hasDbXref	ZFA:0009136	semapv:UnspecifiedMatching	motile cell	motile cell
CL:0000221	oboInOwl:hasDbXref	FMA:72549	semapv:UnspecifiedMatching	ectodermal cell	Ectodermal cell
CL:0000221	oboInOwl:hasDbXref	ZFA:0009137	semapv:UnspecifiedMatching	ectodermal cell	ectodermal cell
CL:0000222	oboInOwl:hasDbXref	FMA:72554	semapv:UnspecifiedMatching	mesodermal cell	Mesodermal cell
CL:0000222	oboInOwl:hasDbXref	ZFA:0009138	semapv:UnspecifiedMatching	mesodermal cell	mesodermal cell
CL:0000223	oboInOwl:hasDbXref	FMA:72555	semapv:UnspecifiedMatching	endodermal cell	Endodermal cell
CL:0000223	oboInOwl:hasDbXref	ZFA:0009139	semapv:UnspecifiedMatching	endodermal cell	endodermal cell
CL:0000225	oboInOwl:hasDbXref	FMA:68647	semapv:UnspecifiedMatching	anucleate cell	Non-nucleated cell
CL:0000232	oboInOwl:hasDbXref	BTO:0000424	semapv:UnspecifiedMatching	erythrocyte	erythrocyte
CL:0000232	oboInOwl:hasDbXref	FMA:81100	semapv:UnspecifiedMatching	erythrocyte	Mature erythrocyte
CL:0000233	oboInOwl:hasDbXref	BTO:0000132	semapv:UnspecifiedMatching	platelet	blood platelet
CL:0000233	oboInOwl:hasDbXref	FMA:62851	semapv:UnspecifiedMatching	platelet	Platelet
CL:0000234	oboInOwl:hasDbXref	BTO:0001044	semapv:UnspecifiedMatching	phagocyte	phagocyte
CL:0000234	oboInOwl:hasDbXref	FMA:83806	semapv:UnspecifiedMatching	phagocyte	Phagocyte
CL:0000234	oboInOwl:hasDbXref	MESH:D010586	semapv:UnspecifiedMatching	phagocyte	
CL:0000234	oboInOwl:hasDbXref	ZFA:0009140	semapv:UnspecifiedMatching	phagocyte	phagocyte
CL:0000235	oboInOwl:hasDbXref	BTO:0000801	semapv:UnspecifiedMatching	macrophage	macrophage
CL:0000235	oboInOwl:hasDbXref	FMA:63261	semapv:UnspecifiedMatching	macrophage	Macrophage
CL:0000235	oboInOwl:hasDbXref	FMA:83585	semapv:UnspecifiedMatching	macrophage	Histiocyte
CL:0000235	oboInOwl:hasDbXref	MESH:D008264	semapv:UnspecifiedMatching	macrophage	
CL:0000235	oboInOwl:hasDbXref	ZFA:0009141	semapv:UnspecifiedMatching	macrophage	macrophage
CL:0000236	oboInOwl:hasDbXref	BTO:0000776	semapv:UnspecifiedMatching	B cell	B-lymphocyte
CL:0000236	oboInOwl:hasDbXref	FMA:62869	semapv:UnspecifiedMatching	B cell	B lymphocyte
CL:0000236	oboInOwl:hasDbXref	MESH:D001402	semapv:UnspecifiedMatching	B cell	
CL:0000236	oboInOwl:hasDbXref	VHOG:0001480	semapv:UnspecifiedMatching	B cell	
CL:0000236	oboInOwl:hasDbXref	ZFA:0009142	semapv:UnspecifiedMatching	B cell	B cell
CL:0000239	oboInOwl:hasDbXref	PMID:25422372	semapv:UnspecifiedMatching	brush border epithelial cell	
CL:0000239	oboInOwl:hasDbXref	ZFA:0009143	semapv:UnspecifiedMatching	brush border epithelial cell	brush border epithelial cell
CL:0000240	oboInOwl:hasDbXref	ZFA:0009144	semapv:UnspecifiedMatching	stratified squamous epithelial cell	stratified squamous epithelial cell
CL:0000241	oboInOwl:hasDbXref	ZFA:0009145	semapv:UnspecifiedMatching	stratified cuboidal epithelial cell	stratified cuboidal epithelial cell
CL:0000242	oboInOwl:hasDbXref	FMA:70548	semapv:UnspecifiedMatching	Merkel cell	Merkel cell
CL:0000242	oboInOwl:hasDbXref	ZFA:0009146	semapv:UnspecifiedMatching	Merkel cell	Merkel cell
CL:0000244	oboInOwl:hasDbXref	FMA:66778	semapv:UnspecifiedMatching	transitional epithelial cell	Transitional epithelial cell
CL:0000244	oboInOwl:hasDbXref	ZFA:0009148	semapv:UnspecifiedMatching	transitional epithelial cell	transitional epithelial cell
CL:0000246	oboInOwl:hasDbXref	ZFA:0009149	semapv:UnspecifiedMatching	Mauthner neuron	Mauthner neuron
CL:0000247	oboInOwl:hasDbXref	AAO:0010316	semapv:UnspecifiedMatching	Rohon-Beard neuron	
CL:0000247	oboInOwl:hasDbXref	EFO:0003711	semapv:UnspecifiedMatching	Rohon-Beard neuron	obsolete_Rohon-Beard neuron
CL:0000247	oboInOwl:hasDbXref	VHOG:0001484	semapv:UnspecifiedMatching	Rohon-Beard neuron	
CL:0000247	oboInOwl:hasDbXref	ZFA:0009150	semapv:UnspecifiedMatching	Rohon-Beard neuron	Rohon-Beard neuron
CL:0000249	oboInOwl:hasDbXref	ZFA:0009151	semapv:UnspecifiedMatching	hatching gland cell	hatching gland cell
CL:0000251	oboInOwl:hasDbXref	ZFA:0009152	semapv:UnspecifiedMatching	extramedullary cell	extramedullary cell
CL:0000253	oboInOwl:hasDbXref	ZFA:0009153	semapv:UnspecifiedMatching	eurydendroid cell	eurydendroid cell
CL:0000255	oboInOwl:hasDbXref	MESH:D005057	semapv:UnspecifiedMatching	eukaryotic cell	
CL:0000287	oboInOwl:hasDbXref	ZFA:0009154	semapv:UnspecifiedMatching	eye photoreceptor cell	eye photoreceptor cell
CL:0000293	oboInOwl:hasDbXref	ZFA:0005745	semapv:UnspecifiedMatching	structural cell	structural cell
CL:0000295	oboInOwl:hasDbXref	ZFA:0009155	semapv:UnspecifiedMatching	somatotropin secreting cell	somatotropin secreting cell
CL:0000300	oboInOwl:hasDbXref	FBbt:00005412	semapv:UnspecifiedMatching	gamete	gamete
CL:0000300	oboInOwl:hasDbXref	FMA:18649	semapv:UnspecifiedMatching	gamete	Haploid nucleated cell
CL:0000300	oboInOwl:hasDbXref	ZFA:0009156	semapv:UnspecifiedMatching	gamete	gamete
CL:0000301	oboInOwl:hasDbXref	FBbt:00000092	semapv:UnspecifiedMatching	pole cell	primordial germ cell
CL:0000307	oboInOwl:hasDbXref	FMA:74793	semapv:UnspecifiedMatching	tracheal epithelial cell	Epithelial cell of trachea
CL:0000311	oboInOwl:hasDbXref	ZFA:0009157	semapv:UnspecifiedMatching	keratin accumulating cell	keratin accumulating cell
CL:0000312	oboInOwl:hasDbXref	BTO:0000667	semapv:UnspecifiedMatching	keratinocyte	keratinocyte
CL:0000312	oboInOwl:hasDbXref	FMA:62879	semapv:UnspecifiedMatching	keratinocyte	Keratinized cell of epidermis
CL:0000312	oboInOwl:hasDbXref	ZFA:0009158	semapv:UnspecifiedMatching	keratinocyte	keratinocyte
CL:0000313	oboInOwl:hasDbXref	BTO:0003687	semapv:UnspecifiedMatching	serous secreting cell	serous cell
CL:0000313	oboInOwl:hasDbXref	FMA:62511	semapv:UnspecifiedMatching	serous secreting cell	Serous cell
CL:0000319	oboInOwl:hasDbXref	BTO:0003689	semapv:UnspecifiedMatching	mucus secreting cell	mucous cell
CL:0000319	oboInOwl:hasDbXref	ZFA:0009159	semapv:UnspecifiedMatching	mucus secreting cell	mucus secreting cell
CL:0000322	oboInOwl:hasDbXref	BTO:0000395	semapv:UnspecifiedMatching	pulmonary alveolar epithelial cell	alveolar cell
CL:0000322	oboInOwl:hasDbXref	FMA:62499	semapv:UnspecifiedMatching	pulmonary alveolar epithelial cell	Alveolar epithelial cell
CL:0000322	oboInOwl:hasDbXref	MESH:D056809	semapv:UnspecifiedMatching	pulmonary alveolar epithelial cell	
CL:0000327	oboInOwl:hasDbXref	ZFA:0009162	semapv:UnspecifiedMatching	extracellular matrix secreting cell	extracellular matrix secreting cell
CL:0000329	oboInOwl:hasDbXref	ZFA:0009164	semapv:UnspecifiedMatching	oxygen accumulating cell	oxygen accumulating cell
CL:0000333	oboInOwl:hasDbXref	FMA:86667	semapv:UnspecifiedMatching	migratory neural crest cell	Neural crest cell
CL:0000333	oboInOwl:hasDbXref	ZFA:0007086	semapv:UnspecifiedMatching	migratory neural crest cell	migratory neural crest cell
CL:0000334	oboInOwl:hasDbXref	BTO:0002307	semapv:UnspecifiedMatching	vegetative cell (sensu Fungi)	yeast form
CL:0000334	oboInOwl:hasDbXref	FAO:0000032	semapv:UnspecifiedMatching	vegetative cell (sensu Fungi)	vegetative cell
CL:0000335	oboInOwl:hasDbXref	ZFA:0009166	semapv:UnspecifiedMatching	mesenchyme condensation cell	mesenchyme condensation cell
CL:0000336	oboInOwl:hasDbXref	FMA:69262	semapv:UnspecifiedMatching	adrenal medulla chromaffin cell	Chromaffin cell of adrenal medulla
CL:0000336	oboInOwl:hasDbXref	ZFA:0009167	semapv:UnspecifiedMatching	adrenal medulla chromaffin cell	adrenal medulla cell
CL:0000338	oboInOwl:hasDbXref	FBbt:00005146	semapv:UnspecifiedMatching	neuroblast (sensu Nematoda and Protostomia)	neuroblast
CL:0000339	oboInOwl:hasDbXref	FMA:70564	semapv:UnspecifiedMatching	glioblast (sensu Vertebrata)	Glioblast
CL:0000339	oboInOwl:hasDbXref	ZFA:0009169	semapv:UnspecifiedMatching	glioblast (sensu Vertebrata)	glioblast (sensu Vertebrata)
CL:0000340	oboInOwl:hasDbXref	FBbt:00005145	semapv:UnspecifiedMatching	glioblast (sensu Nematoda and Protostomia)	glioblast
CL:0000342	oboInOwl:hasDbXref	ZFA:0009170	semapv:UnspecifiedMatching	pigment cell (sensu Vertebrata)	pigment cell (sensu Vertebrata)
CL:0000343	oboInOwl:hasDbXref	FMA:63846	semapv:UnspecifiedMatching	visual pigment cell (sensu Vertebrata)	Cell pigment
CL:0000343	oboInOwl:hasDbXref	ZFA:0009171	semapv:UnspecifiedMatching	visual pigment cell (sensu Vertebrata)	visual pigment cell (sensu Vertebrata)
CL:0000345	oboInOwl:hasDbXref	ZFA:0009173	semapv:UnspecifiedMatching	dental papilla cell	dental papilla cell
CL:0000347	oboInOwl:hasDbXref	ZFA:0009174	semapv:UnspecifiedMatching	scleral cell	scleral cell
CL:0000348	oboInOwl:hasDbXref	ZFA:0009175	semapv:UnspecifiedMatching	choroidal cell of the eye	choroidal cell of the eye
CL:0000349	oboInOwl:hasDbXref	ZFA:0009176	semapv:UnspecifiedMatching	extraembryonic cell	extraembryonic cell
CL:0000351	oboInOwl:hasDbXref	FMA:83028	semapv:UnspecifiedMatching	trophoblast cell	Trophoblast cell
CL:0000353	oboInOwl:hasDbXref	BTO:0001473	semapv:UnspecifiedMatching	blastoderm cell	blastomere
CL:0000353	oboInOwl:hasDbXref	FMA:72551	semapv:UnspecifiedMatching	blastoderm cell	Blastomere
CL:0000353	oboInOwl:hasDbXref	ZFA:0009177	semapv:UnspecifiedMatching	blastoderm cell	blastoderm cell
CL:0000354	oboInOwl:hasDbXref	ZFA:0009178	semapv:UnspecifiedMatching	blastemal cell	blastemal cell
CL:0000355	oboInOwl:hasDbXref	FMA:86767	semapv:UnspecifiedMatching	multi-potent skeletal muscle stem cell	Muscle stem cell
CL:0000355	oboInOwl:hasDbXref	ZFA:0009179	semapv:UnspecifiedMatching	multi-potent skeletal muscle stem cell	muscle stem cell
CL:0000357	oboInOwl:hasDbXref	ZFA:0009180	semapv:UnspecifiedMatching	stratified epithelial stem cell	stratified epithelial stem cell
CL:0000359	oboInOwl:hasDbXref	ZFA:0009181	semapv:UnspecifiedMatching	vascular associated smooth muscle cell	vascular associated smooth muscle cell
CL:0000361	oboInOwl:hasDbXref	ZFA:0009182	semapv:UnspecifiedMatching	gastrula cell	gastrula cell
CL:0000362	oboInOwl:hasDbXref	BTO:0001470	semapv:UnspecifiedMatching	epidermal cell	epidermal cell
CL:0000362	oboInOwl:hasDbXref	FMA:62411	semapv:UnspecifiedMatching	epidermal cell	Epidermal cell
CL:0000362	oboInOwl:hasDbXref	MESH:D000078404	semapv:UnspecifiedMatching	epidermal cell	
CL:0000362	oboInOwl:hasDbXref	ZFA:0009183	semapv:UnspecifiedMatching	epidermal cell	epidermal cell
CL:0000365	oboInOwl:hasDbXref	BTO:0000854	semapv:UnspecifiedMatching	animal zygote	zygote
CL:0000365	oboInOwl:hasDbXref	EHDAA2:0004546	semapv:UnspecifiedMatching	animal zygote	
CL:0000365	oboInOwl:hasDbXref	FMA:72395	semapv:UnspecifiedMatching	animal zygote	Zygote
CL:0000371	oboInOwl:hasDbXref	MESH:D011523	semapv:UnspecifiedMatching	protoplast	
CL:0000372	oboInOwl:hasDbXref	FBbt:00005171	semapv:UnspecifiedMatching	tormogen cell	tormogen cell
CL:0000373	oboInOwl:hasDbXref	FBbt:00001789	semapv:UnspecifiedMatching	histoblast	histoblast
CL:0000374	oboInOwl:hasDbXref	BTO:0004744	semapv:UnspecifiedMatching	trichogen cell	hair cell
CL:0000374	oboInOwl:hasDbXref	FBbt:00005169	semapv:UnspecifiedMatching	trichogen cell	trichogen cell
CL:0000375	oboInOwl:hasDbXref	BTO:0002051	semapv:UnspecifiedMatching	obsolete osteoprogenitor cell	preosteoblast
CL:0000379	oboInOwl:hasDbXref	ZFA:0009185	semapv:UnspecifiedMatching	sensory processing neuron	sensory processing neuron
CL:0000380	oboInOwl:hasDbXref	FBbt:00005173	semapv:UnspecifiedMatching	thecogen cell	thecogen cell
CL:0000382	oboInOwl:hasDbXref	FBbt:00005219	semapv:UnspecifiedMatching	scolopale cell	scolopale cell
CL:0000383	oboInOwl:hasDbXref	ZFA:0009187	semapv:UnspecifiedMatching	nephrogenic mesenchyme stem cell	nephrogenic mesenchyme stem cell
CL:0000384	oboInOwl:hasDbXref	ZFA:0009188	semapv:UnspecifiedMatching	ligament cell	ligament cell
CL:0000385	oboInOwl:hasDbXref	FBbt:00005062	semapv:UnspecifiedMatching	prohemocyte (sensu Nematoda and Protostomia)	prohemocyte
CL:0000387	oboInOwl:hasDbXref	FBbt:00005063	semapv:UnspecifiedMatching	hemocyte (sensu Arthropoda)	hemocyte
CL:0000388	oboInOwl:hasDbXref	ZFA:0009189	semapv:UnspecifiedMatching	tendon cell	tendon cell
CL:0000393	oboInOwl:hasDbXref	ZFA:0009190	semapv:UnspecifiedMatching	electrically responsive cell	electrically responsive cell
CL:0000394	oboInOwl:hasDbXref	FBbt:00001685	semapv:UnspecifiedMatching	plasmatocyte	embryonic/larval plasmatocyte
CL:0000395	oboInOwl:hasDbXref	FBbt:00001689	semapv:UnspecifiedMatching	procrystal cell	procrystal cell
CL:0000396	oboInOwl:hasDbXref	FBbt:00001687	semapv:UnspecifiedMatching	lamellocyte	lamellocyte
CL:0000402	oboInOwl:hasDbXref	ZFA:0009191	semapv:UnspecifiedMatching	CNS interneuron	CNS interneuron
CL:0000404	oboInOwl:hasDbXref	ZFA:0009193	semapv:UnspecifiedMatching	electrically signaling cell	electrically signaling cell
CL:0000406	oboInOwl:hasDbXref	ZFA:0009194	semapv:UnspecifiedMatching	CNS short range interneuron	CNS short range interneuron
CL:0000407	oboInOwl:hasDbXref	FBbt:00005221	semapv:UnspecifiedMatching	scolopidial ligament cell	scolopidial ligament cell
CL:0000408	oboInOwl:hasDbXref	BTO:0001277	semapv:UnspecifiedMatching	male gamete	spermatozoon
CL:0000410	oboInOwl:hasDbXref	ZFA:0009195	semapv:UnspecifiedMatching	CNS long range interneuron	CNS long range interneuron
CL:0000411	oboInOwl:hasDbXref	WBbt:0007846	semapv:UnspecifiedMatching	Caenorhabditis hypodermal cell	hypodermal cell
CL:0000411	oboInOwl:hasDbXref	ZFA:0009196	semapv:UnspecifiedMatching	Caenorhabditis hypodermal cell	hypodermal cell
CL:0000415	oboInOwl:hasDbXref	FMA:72300	semapv:UnspecifiedMatching	diploid cell	Somatic cell
CL:0000418	oboInOwl:hasDbXref	WBbt:0005793	semapv:UnspecifiedMatching	arcade cell	arcade cell
CL:0000419	oboInOwl:hasDbXref	BTO:0003039	semapv:UnspecifiedMatching	seam cell	hypodermal seam cell
CL:0000420	oboInOwl:hasDbXref	Wikipedia:Syncytium	semapv:UnspecifiedMatching	syncytial epithelial cell	
CL:0000421	oboInOwl:hasDbXref	BTO:0002856	semapv:UnspecifiedMatching	coelomocyte	coelomocyte
CL:0000421	oboInOwl:hasDbXref	WBbt:0005751	semapv:UnspecifiedMatching	coelomocyte	coelomocyte
CL:0000424	oboInOwl:hasDbXref	WBbt:0005812	semapv:UnspecifiedMatching	excretory cell	excretory cell
CL:0000428	oboInOwl:hasDbXref	ZFA:0000084	semapv:UnspecifiedMatching	yolk cell	yolk
CL:0000429	oboInOwl:hasDbXref	FBbt:00007108	semapv:UnspecifiedMatching	imaginal disc cell	imaginal disc epithelial cell
CL:0000430	oboInOwl:hasDbXref	ZFA:0009198	semapv:UnspecifiedMatching	xanthophore cell	xanthophore
CL:0000431	oboInOwl:hasDbXref	ZFA:0009199	semapv:UnspecifiedMatching	iridophore	iridophore
CL:0000432	oboInOwl:hasDbXref	FMA:62877	semapv:UnspecifiedMatching	reticular cell	Reticular cell
CL:0000432	oboInOwl:hasDbXref	ZFA:0009200	semapv:UnspecifiedMatching	reticular cell	reticular cell
CL:0000435	oboInOwl:hasDbXref	ZFA:0009201	semapv:UnspecifiedMatching	alkali secreting cell	alkali secreting cell
CL:0000437	oboInOwl:hasDbXref	BTO:0002482	semapv:UnspecifiedMatching	gonadtroph	gonadotrophic cell
CL:0000437	oboInOwl:hasDbXref	FMA:83100	semapv:UnspecifiedMatching	gonadtroph	Gonadotroph
CL:0000437	oboInOwl:hasDbXref	ZFA:0009202	semapv:UnspecifiedMatching	gonadtroph	follicle stimulating hormone secreting cell
CL:0000438	oboInOwl:hasDbXref	ZFA:0009203	semapv:UnspecifiedMatching	luteinizing hormone secreting cell	luteinizing hormone secreting cell
CL:0000439	oboInOwl:hasDbXref	ZFA:0009204	semapv:UnspecifiedMatching	prolactin secreting cell	prolactin secreting cell
CL:0000440	oboInOwl:hasDbXref	BTO:0002277	semapv:UnspecifiedMatching	melanocyte stimulating hormone secreting cell	melanotroph
CL:0000440	oboInOwl:hasDbXref	ZFA:0009205	semapv:UnspecifiedMatching	melanocyte stimulating hormone secreting cell	melanocyte stimulating hormone secreting cell
CL:0000441	oboInOwl:hasDbXref	FBbt:00004903	semapv:UnspecifiedMatching	follicle stem cell (sensu Arthropoda)	follicle stem cell
CL:0000442	oboInOwl:hasDbXref	BTO:0004267	semapv:UnspecifiedMatching	follicular dendritic cell	follicular dendritic cell
CL:0000442	oboInOwl:hasDbXref	FMA:83037	semapv:UnspecifiedMatching	follicular dendritic cell	Follicular dendritic cell
CL:0000442	oboInOwl:hasDbXref	MESH:D020566	semapv:UnspecifiedMatching	follicular dendritic cell	
CL:0000443	oboInOwl:hasDbXref	ZFA:0009206	semapv:UnspecifiedMatching	calcitonin secreting cell	calcitonin secreting cell
CL:0000446	oboInOwl:hasDbXref	BTO:0004712	semapv:UnspecifiedMatching	chief cell of parathyroid gland	parathyroid hormone secreting cell
CL:0000446	oboInOwl:hasDbXref	FMA:69078	semapv:UnspecifiedMatching	chief cell of parathyroid gland	Chief cell of parathyroid gland
CL:0000448	oboInOwl:hasDbXref	FMA:83434	semapv:UnspecifiedMatching	white adipocyte	White adipocyte
CL:0000449	oboInOwl:hasDbXref	FMA:83435	semapv:UnspecifiedMatching	brown adipocyte	Brown adipocyte
CL:0000451	oboInOwl:hasDbXref	BTO:0002042	semapv:UnspecifiedMatching	dendritic cell	dendritic cell
CL:0000451	oboInOwl:hasDbXref	FMA:83036	semapv:UnspecifiedMatching	dendritic cell	Dendritic cell
CL:0000451	oboInOwl:hasDbXref	MESH:D003713	semapv:UnspecifiedMatching	dendritic cell	
CL:0000451	oboInOwl:hasDbXref	ZFA:0009209	semapv:UnspecifiedMatching	dendritic cell	dendritic cell
CL:0000452	oboInOwl:hasDbXref	ZFA:0009210	semapv:UnspecifiedMatching	thyroid hormone secreting cell	thyroid hormone secreting cell
CL:0000453	oboInOwl:hasDbXref	BTO:0000705	semapv:UnspecifiedMatching	Langerhans cell	Langerhans cell
CL:0000453	oboInOwl:hasDbXref	FMA:63072	semapv:UnspecifiedMatching	Langerhans cell	Langerhans cell
CL:0000453	oboInOwl:hasDbXref	MESH:D007801	semapv:UnspecifiedMatching	Langerhans cell	
CL:0000454	oboInOwl:hasDbXref	ZFA:0009211	semapv:UnspecifiedMatching	epinephrine secreting cell	epinephrin secreting cell
CL:0000457	oboInOwl:hasDbXref	ZFA:0009212	semapv:UnspecifiedMatching	biogenic amine secreting cell	biogenic amine secreting cell
CL:0000458	oboInOwl:hasDbXref	ZFA:0009213	semapv:UnspecifiedMatching	serotonin secreting cell	serotonin secreting cell
CL:0000459	oboInOwl:hasDbXref	ZFA:0009214	semapv:UnspecifiedMatching	noradrenergic cell	norepinephrine secreting cell
CL:0000460	oboInOwl:hasDbXref	ZFA:0009215	semapv:UnspecifiedMatching	glucocorticoid secreting cell	glucocorticoid secreting cell
CL:0000462	oboInOwl:hasDbXref	FBbt:00003219	semapv:UnspecifiedMatching	adepithelial cell	adepithelial cell
CL:0000463	oboInOwl:hasDbXref	FBbt:00007325	semapv:UnspecifiedMatching	epidermal cell (sensu Arthropoda)	epidermal cell
CL:0000464	oboInOwl:hasDbXref	FBbt:00004994	semapv:UnspecifiedMatching	epidermoblast	epidermoblast
CL:0000465	oboInOwl:hasDbXref	FBbt:00001666	semapv:UnspecifiedMatching	cardioblast (sensu Arthropoda)	dorsal vessel wall cell
CL:0000467	oboInOwl:hasDbXref	ZFA:0009216	semapv:UnspecifiedMatching	adrenocorticotropic hormone secreting cell	adrenocorticotropic hormone secreting cell
CL:0000468	oboInOwl:hasDbXref	FBbt:00005147	semapv:UnspecifiedMatching	neuroglioblast (sensu Nematoda and Protostomia)	neuroglioblast
CL:0000469	oboInOwl:hasDbXref	FBbt:00005149	semapv:UnspecifiedMatching	ganglion mother cell	ganglion mother cell
CL:0000470	oboInOwl:hasDbXref	ZFA:0009217	semapv:UnspecifiedMatching	digestive enzyme secreting cell	digestive enzyme secreting cell
CL:0000474	oboInOwl:hasDbXref	FBbt:00005058	semapv:UnspecifiedMatching	pericardial nephrocyte	pericardial cell
CL:0000476	oboInOwl:hasDbXref	FMA:83099	semapv:UnspecifiedMatching	thyrotroph	Thyrotroph
CL:0000476	oboInOwl:hasDbXref	MESH:D052684	semapv:UnspecifiedMatching	thyrotroph	
CL:0000476	oboInOwl:hasDbXref	ZFA:0009218	semapv:UnspecifiedMatching	thyrotroph	thyroid stimulating hormone secreting cell
CL:0000477	oboInOwl:hasDbXref	FBbt:00004904	semapv:UnspecifiedMatching	follicle cell of egg chamber	follicle cell
CL:0000482	oboInOwl:hasDbXref	FBbt:00058020	semapv:UnspecifiedMatching	juvenile hormone secreting cell	juvenile hormone secreting cell
CL:0000486	oboInOwl:hasDbXref	BTO:0004596	semapv:UnspecifiedMatching	garland cell	garland cell
CL:0000486	oboInOwl:hasDbXref	FBbt:00005059	semapv:UnspecifiedMatching	garland cell	garland cell
CL:0000487	oboInOwl:hasDbXref	FBbt:00004995	semapv:UnspecifiedMatching	oenocyte	oenocyte
CL:0000488	oboInOwl:hasDbXref	ZFA:0009219	semapv:UnspecifiedMatching	visible light photoreceptor cell	visible light photoreceptor cell
CL:0000490	oboInOwl:hasDbXref	ZFA:0009220	semapv:UnspecifiedMatching	photopic photoreceptor cell	photopic photoreceptor cell
CL:0000492	oboInOwl:hasDbXref	FMA:70572	semapv:UnspecifiedMatching	CD4-positive helper T cell	T-helper lymphocyte
CL:0000494	oboInOwl:hasDbXref	ZFA:0009221	semapv:UnspecifiedMatching	UV sensitive photoreceptor cell	UV sensitive photoreceptor cell
CL:0000495	oboInOwl:hasDbXref	ZFA:0009222	semapv:UnspecifiedMatching	blue sensitive photoreceptor cell	blue sensitive photoreceptor cell
CL:0000496	oboInOwl:hasDbXref	ZFA:0009223	semapv:UnspecifiedMatching	green sensitive photoreceptor cell	green sensitive photoreceptor cell
CL:0000497	oboInOwl:hasDbXref	ZFA:0009224	semapv:UnspecifiedMatching	red sensitive photoreceptor cell	red sensitive photoreceptor cell
CL:0000498	oboInOwl:hasDbXref	FMA:84776	semapv:UnspecifiedMatching	inhibitory interneuron	Inhibitory interneuron
CL:0000498	oboInOwl:hasDbXref	ZFA:0009225	semapv:UnspecifiedMatching	inhibitory interneuron	inhibitory interneuron
CL:0000499	oboInOwl:hasDbXref	BTO:0002064	semapv:UnspecifiedMatching	stromal cell	stromal cell
CL:0000499	oboInOwl:hasDbXref	FMA:83624	semapv:UnspecifiedMatching	stromal cell	Stromal cell
CL:0000499	oboInOwl:hasDbXref	ZFA:0009226	semapv:UnspecifiedMatching	stromal cell	stromal cell
CL:0000501	oboInOwl:hasDbXref	BTO:0000542	semapv:UnspecifiedMatching	granulosa cell	granulosa cell
CL:0000501	oboInOwl:hasDbXref	FMA:18718	semapv:UnspecifiedMatching	granulosa cell	Granulosa cell of ovary
CL:0000501	oboInOwl:hasDbXref	ZFA:0009227	semapv:UnspecifiedMatching	granulosa cell	granulosa cell
CL:0000502	oboInOwl:hasDbXref	FMA:62935	semapv:UnspecifiedMatching	type D enteroendocrine cell	Type D enteroendocrine cell
CL:0000502	oboInOwl:hasDbXref	ZFA:0009228	semapv:UnspecifiedMatching	type D enteroendocrine cell	D cell
CL:0000503	oboInOwl:hasDbXref	BTO:0002850	semapv:UnspecifiedMatching	theca cell	theca cell
CL:0000503	oboInOwl:hasDbXref	ZFA:0009229	semapv:UnspecifiedMatching	theca cell	theca cell
CL:0000504	oboInOwl:hasDbXref	BTO:0002692	semapv:UnspecifiedMatching	enterochromaffin-like cell	enterochromaffin-like cell
CL:0000505	oboInOwl:hasDbXref	ZFA:0009230	semapv:UnspecifiedMatching	substance P secreting cell	substance P secreting cell
CL:0000506	oboInOwl:hasDbXref	ZFA:0009231	semapv:UnspecifiedMatching	enkephalin secreting cell	enkephalin secreting cell
CL:0000507	oboInOwl:hasDbXref	ZFA:0009232	semapv:UnspecifiedMatching	endorphin secreting cell	endorphin secreting cell
CL:0000508	oboInOwl:hasDbXref	BTO:0004108	semapv:UnspecifiedMatching	type G enteroendocrine cell	G cell
CL:0000508	oboInOwl:hasDbXref	FMA:67609	semapv:UnspecifiedMatching	type G enteroendocrine cell	Type G enteroendocrine cell
CL:0000510	oboInOwl:hasDbXref	BTO:0000993	semapv:UnspecifiedMatching	paneth cell	paneth cell
CL:0000510	oboInOwl:hasDbXref	FMA:62897	semapv:UnspecifiedMatching	paneth cell	Paneth cell
CL:0000513	oboInOwl:hasDbXref	FMA:84797	semapv:UnspecifiedMatching	cardiac muscle myoblast	Cardiac myoblast
CL:0000513	oboInOwl:hasDbXref	ZFA:0009234	semapv:UnspecifiedMatching	cardiac muscle myoblast	cardiac muscle myoblast
CL:0000514	oboInOwl:hasDbXref	FMA:84798	semapv:UnspecifiedMatching	smooth muscle myoblast	Smooth muscle myoblast
CL:0000514	oboInOwl:hasDbXref	ZFA:0009235	semapv:UnspecifiedMatching	smooth muscle myoblast	smooth muscle myoblast
CL:0000515	oboInOwl:hasDbXref	FMA:84799	semapv:UnspecifiedMatching	skeletal muscle myoblast	Skeletal myoblast
CL:0000515	oboInOwl:hasDbXref	ZFA:0009236	semapv:UnspecifiedMatching	skeletal muscle myoblast	skeletal muscle myoblast
CL:0000516	oboInOwl:hasDbXref	FMA:54550	semapv:UnspecifiedMatching	perineuronal satellite cell	Perineuronal satellite oligodendrocyte
CL:0000516	oboInOwl:hasDbXref	ZFA:0009237	semapv:UnspecifiedMatching	perineuronal satellite cell	perineuronal satellite cell
CL:0000520	oboInOwl:hasDbXref	MESH:D011387	semapv:UnspecifiedMatching	prokaryotic cell	
CL:0000523	oboInOwl:hasDbXref	FMA:83042	semapv:UnspecifiedMatching	mononuclear cytotrophoblast cell	Mononuclear cytotrophoblast cell
CL:0000525	oboInOwl:hasDbXref	FMA:83043	semapv:UnspecifiedMatching	syncytiotrophoblast cell	Syncytiotrophoblast cell
CL:0000526	oboInOwl:hasDbXref	FMA:87653	semapv:UnspecifiedMatching	afferent neuron	Afferent neuron
CL:0000526	oboInOwl:hasDbXref	ZFA:0009238	semapv:UnspecifiedMatching	afferent neuron	afferent neuron
CL:0000527	oboInOwl:hasDbXref	ZFA:0009239	semapv:UnspecifiedMatching	efferent neuron	efferent neuron
CL:0000528	oboInOwl:hasDbXref	FMA:84792	semapv:UnspecifiedMatching	nitrergic neuron	Nitrergic neuron
CL:0000528	oboInOwl:hasDbXref	ZFA:0009240	semapv:UnspecifiedMatching	nitrergic neuron	nitrergic neuron
CL:0000529	oboInOwl:hasDbXref	ZFA:0009241	semapv:UnspecifiedMatching	pigmented epithelial cell	pigmented epithelial cell
CL:0000530	oboInOwl:hasDbXref	ZFA:0009242	semapv:UnspecifiedMatching	primary neuron (sensu Teleostei)	primary neuron
CL:0000532	oboInOwl:hasDbXref	ZFA:0009243	semapv:UnspecifiedMatching	CAP motoneuron	CaP motoneuron
CL:0000533	oboInOwl:hasDbXref	ZFA:0009244	semapv:UnspecifiedMatching	primary motor neuron (sensu Teleostei)	primary motor neuron
CL:0000534	oboInOwl:hasDbXref	ZFA:0009245	semapv:UnspecifiedMatching	primary interneuron (sensu Teleostei)	primary interneuron
CL:0000535	oboInOwl:hasDbXref	ZFA:0009246	semapv:UnspecifiedMatching	secondary neuron (sensu Teleostei)	secondary neuron
CL:0000536	oboInOwl:hasDbXref	ZFA:0009247	semapv:UnspecifiedMatching	secondary motor neuron (sensu Teleostei)	secondary motor neuron
CL:0000540	oboInOwl:hasDbXref	BTO:0000938	semapv:UnspecifiedMatching	neuron	neuron
CL:0000540	oboInOwl:hasDbXref	FBbt:00005106	semapv:UnspecifiedMatching	neuron	neuron
CL:0000540	oboInOwl:hasDbXref	FMA:54527	semapv:UnspecifiedMatching	neuron	Neuron
CL:0000540	oboInOwl:hasDbXref	VHOG:0001483	semapv:UnspecifiedMatching	neuron	
CL:0000540	oboInOwl:hasDbXref	WBbt:0003679	semapv:UnspecifiedMatching	neuron	neuron
CL:0000540	oboInOwl:hasDbXref	ZFA:0009248	semapv:UnspecifiedMatching	neuron	neuron
CL:0000541	oboInOwl:hasDbXref	BTO:0003217	semapv:UnspecifiedMatching	melanoblast	melanoblast
CL:0000541	oboInOwl:hasDbXref	FMA:83377	semapv:UnspecifiedMatching	melanoblast	Melanoblast
CL:0000541	oboInOwl:hasDbXref	ZFA:0009249	semapv:UnspecifiedMatching	melanoblast	melanoblast
CL:0000542	oboInOwl:hasDbXref	BTO:0000775	semapv:UnspecifiedMatching	lymphocyte	lymphocyte
CL:0000542	oboInOwl:hasDbXref	FMA:62863	semapv:UnspecifiedMatching	lymphocyte	Lymphocyte
CL:0000542	oboInOwl:hasDbXref	MESH:D008214	semapv:UnspecifiedMatching	lymphocyte	
CL:0000542	oboInOwl:hasDbXref	VHOG:0001535	semapv:UnspecifiedMatching	lymphocyte	
CL:0000542	oboInOwl:hasDbXref	ZFA:0009250	semapv:UnspecifiedMatching	lymphocyte	lymphocyte
CL:0000545	oboInOwl:hasDbXref	BTO:0001678	semapv:UnspecifiedMatching	T-helper 1 cell	Th1 cell
CL:0000545	oboInOwl:hasDbXref	FMA:84382	semapv:UnspecifiedMatching	T-helper 1 cell	T-helper cell type 1
CL:0000546	oboInOwl:hasDbXref	BTO:0001679	semapv:UnspecifiedMatching	T-helper 2 cell	Th2 cell
CL:0000546	oboInOwl:hasDbXref	FMA:84385	semapv:UnspecifiedMatching	T-helper 2 cell	T-helper cell type 2
CL:0000546	oboInOwl:hasDbXref	MESH:D018418	semapv:UnspecifiedMatching	T-helper 2 cell	
CL:0000547	oboInOwl:hasDbXref	FMA:83518	semapv:UnspecifiedMatching	proerythroblast	Proerythroblast
CL:0000549	oboInOwl:hasDbXref	FMA:83505	semapv:UnspecifiedMatching	basophilic erythroblast	Primitive erythroblast
CL:0000549	oboInOwl:hasDbXref	ZFA:0005236	semapv:UnspecifiedMatching	basophilic erythroblast	basophilic erythroblast
CL:0000550	oboInOwl:hasDbXref	FMA:83506	semapv:UnspecifiedMatching	polychromatophilic erythroblast	Polychromatophilic erythroblast
CL:0000550	oboInOwl:hasDbXref	ZFA:0005241	semapv:UnspecifiedMatching	polychromatophilic erythroblast	polychromatophilic erythroblast
CL:0000552	oboInOwl:hasDbXref	FMA:84646	semapv:UnspecifiedMatching	orthochromatic erythroblast	Late erythroblast
CL:0000553	oboInOwl:hasDbXref	BTO:0001164	semapv:UnspecifiedMatching	megakaryocyte progenitor cell	megakaryoblast
CL:0000553	oboInOwl:hasDbXref	FMA:84235	semapv:UnspecifiedMatching	megakaryocyte progenitor cell	Megakaryoblast
CL:0000553	oboInOwl:hasDbXref	MESH:D055016	semapv:UnspecifiedMatching	megakaryocyte progenitor cell	
CL:0000556	oboInOwl:hasDbXref	BTO:0000843	semapv:UnspecifiedMatching	megakaryocyte	megakaryocyte
CL:0000556	oboInOwl:hasDbXref	FMA:83555	semapv:UnspecifiedMatching	megakaryocyte	Megakaryocyte
CL:0000557	oboInOwl:hasDbXref	ZFA:0009251	semapv:UnspecifiedMatching	granulocyte monocyte progenitor cell	granulocyte monocyte progenitor cell
CL:0000558	oboInOwl:hasDbXref	BTO:0001173	semapv:UnspecifiedMatching	reticulocyte	reticulocyte
CL:0000558	oboInOwl:hasDbXref	MESH:D012156	semapv:UnspecifiedMatching	reticulocyte	
CL:0000558	oboInOwl:hasDbXref	ZFA:0009252	semapv:UnspecifiedMatching	reticulocyte	reticulocyte
CL:0000559	oboInOwl:hasDbXref	BTO:0004657	semapv:UnspecifiedMatching	promonocyte	premonocyte
CL:0000559	oboInOwl:hasDbXref	FMA:83551	semapv:UnspecifiedMatching	promonocyte	Promonocyte
CL:0000559	oboInOwl:hasDbXref	ZFA:0009253	semapv:UnspecifiedMatching	promonocyte	promonocyte
CL:0000560	oboInOwl:hasDbXref	ZFA:0009254	semapv:UnspecifiedMatching	band form neutrophil	band form neutrophil
CL:0000561	oboInOwl:hasDbXref	BTO:0004044	semapv:UnspecifiedMatching	amacrine cell	amacrine cell
CL:0000561	oboInOwl:hasDbXref	FMA:67766	semapv:UnspecifiedMatching	amacrine cell	Amacrine cell
CL:0000561	oboInOwl:hasDbXref	ZFA:0009255	semapv:UnspecifiedMatching	amacrine cell	amacrine cell
CL:0000562	oboInOwl:hasDbXref	ZFA:0009256	semapv:UnspecifiedMatching	nucleate erythrocyte	nucleate erythrocyte
CL:0000563	oboInOwl:hasDbXref	BTO:0002779	semapv:UnspecifiedMatching	endospore	endospore
CL:0000564	oboInOwl:hasDbXref	FMA:84196	semapv:UnspecifiedMatching	neutrophilic promyelocyte	Neutrophilic promyelocyte
CL:0000564	oboInOwl:hasDbXref	ZFA:0009257	semapv:UnspecifiedMatching	neutrophilic promyelocyte	neutrophilic promyelocyte
CL:0000566	oboInOwl:hasDbXref	ZFA:0009258	semapv:UnspecifiedMatching	angioblastic mesenchymal cell	angioblastic mesenchymal cell
CL:0000568	oboInOwl:hasDbXref	BTO:0003866	semapv:UnspecifiedMatching	amine precursor uptake and decarboxylation cell	APUD cell
CL:0000568	oboInOwl:hasDbXref	FMA:83114	semapv:UnspecifiedMatching	amine precursor uptake and decarboxylation cell	APUD cell
CL:0000568	oboInOwl:hasDbXref	MESH:D001078	semapv:UnspecifiedMatching	amine precursor uptake and decarboxylation cell	
CL:0000569	oboInOwl:hasDbXref	ZFA:0009259	semapv:UnspecifiedMatching	cardiac mesenchymal cell	cardiac mesenchymal cell
CL:0000570	oboInOwl:hasDbXref	FMA:68653	semapv:UnspecifiedMatching	parafollicular cell	Parafollicular cell of thyroid gland
CL:0000570	oboInOwl:hasDbXref	SCTID:176770005	semapv:UnspecifiedMatching	parafollicular cell	
CL:0000570	oboInOwl:hasDbXref	ZFA:0009260	semapv:UnspecifiedMatching	parafollicular cell	parafollicular cell
CL:0000571	oboInOwl:hasDbXref	ZFA:0009261	semapv:UnspecifiedMatching	leucophore	leucophore
CL:0000573	oboInOwl:hasDbXref	BTO:0001036	semapv:UnspecifiedMatching	retinal cone cell	retinal cone
CL:0000573	oboInOwl:hasDbXref	FMA:67748	semapv:UnspecifiedMatching	retinal cone cell	Cone cell
CL:0000573	oboInOwl:hasDbXref	ZFA:0009262	semapv:UnspecifiedMatching	retinal cone cell	retinal cone cell
CL:0000574	oboInOwl:hasDbXref	ZFA:0009263	semapv:UnspecifiedMatching	erythrophore	erythrophore
CL:0000575	oboInOwl:hasDbXref	BTO:0004298	semapv:UnspecifiedMatching	corneal epithelial cell	corneal epithelial cell
CL:0000575	oboInOwl:hasDbXref	FMA:70551	semapv:UnspecifiedMatching	corneal epithelial cell	Corneal epithelial cell
CL:0000575	oboInOwl:hasDbXref	ZFA:0009264	semapv:UnspecifiedMatching	corneal epithelial cell	corneal epithelial cell
CL:0000576	oboInOwl:hasDbXref	BTO:0000876	semapv:UnspecifiedMatching	monocyte	monocyte
CL:0000576	oboInOwl:hasDbXref	FMA:62864	semapv:UnspecifiedMatching	monocyte	Monocyte
CL:0000576	oboInOwl:hasDbXref	ZFA:0009265	semapv:UnspecifiedMatching	monocyte	monocyte
CL:0000577	oboInOwl:hasDbXref	FMA:62934	semapv:UnspecifiedMatching	type EC enteroendocrine cell	Type EC enteroendocrine cell
CL:0000577	oboInOwl:hasDbXref	FMA:83132	semapv:UnspecifiedMatching	type EC enteroendocrine cell	Argentaffin cell
CL:0000577	oboInOwl:hasDbXref	MESH:D004759	semapv:UnspecifiedMatching	type EC enteroendocrine cell	
CL:0000579	oboInOwl:hasDbXref	FBbt:00004905	semapv:UnspecifiedMatching	border follicle cell	border follicle cell
CL:0000580	oboInOwl:hasDbXref	BTO:0003455	semapv:UnspecifiedMatching	neutrophilic myelocyte	neutrophilic myelocyte
CL:0000580	oboInOwl:hasDbXref	FMA:83540	semapv:UnspecifiedMatching	neutrophilic myelocyte	Neutrophilic myelocyte
CL:0000580	oboInOwl:hasDbXref	ZFA:0009266	semapv:UnspecifiedMatching	neutrophilic myelocyte	neutrophilic myelocyte
CL:0000581	oboInOwl:hasDbXref	BTO:0001034	semapv:UnspecifiedMatching	peritoneal macrophage	peritoneal macrophage
CL:0000581	oboInOwl:hasDbXref	FMA:83025	semapv:UnspecifiedMatching	peritoneal macrophage	Peritoneal macrophage
CL:0000581	oboInOwl:hasDbXref	ZFA:0009267	semapv:UnspecifiedMatching	peritoneal macrophage	peritoneal macrophage
CL:0000582	oboInOwl:hasDbXref	FMA:84197	semapv:UnspecifiedMatching	neutrophilic metamyelocyte	Neutrophilic metamyelocyte
CL:0000582	oboInOwl:hasDbXref	ZFA:0009268	semapv:UnspecifiedMatching	neutrophilic metamyelocyte	neutrophilic metamyelocyte
CL:0000583	oboInOwl:hasDbXref	BTO:0000802	semapv:UnspecifiedMatching	alveolar macrophage	alveolar macrophage
CL:0000583	oboInOwl:hasDbXref	FMA:83023	semapv:UnspecifiedMatching	alveolar macrophage	Alveolar macrophage
CL:0000584	oboInOwl:hasDbXref	BTO:0000398	semapv:UnspecifiedMatching	enterocyte	enterocyte
CL:0000584	oboInOwl:hasDbXref	FMA:62122	semapv:UnspecifiedMatching	enterocyte	Enterocyte
CL:0000584	oboInOwl:hasDbXref	MESH:D020895	semapv:UnspecifiedMatching	enterocyte	
CL:0000584	oboInOwl:hasDbXref	ZFA:0009269	semapv:UnspecifiedMatching	enterocyte	enterocyte
CL:0000586	oboInOwl:hasDbXref	BTO:0000535	semapv:UnspecifiedMatching	germ cell	germ cell
CL:0000586	oboInOwl:hasDbXref	NCIT:C12597	semapv:UnspecifiedMatching	germ cell	Germ Cell
CL:0000586	oboInOwl:hasDbXref	VHOG:0001534	semapv:UnspecifiedMatching	germ cell	
CL:0000586	oboInOwl:hasDbXref	WBbt:0006796	semapv:UnspecifiedMatching	germ cell	germ cell
CL:0000588	oboInOwl:hasDbXref	BTO:0002516	semapv:UnspecifiedMatching	odontoclast	odontoclast
CL:0000588	oboInOwl:hasDbXref	FMA:83027	semapv:UnspecifiedMatching	odontoclast	Odontoclast
CL:0000588	oboInOwl:hasDbXref	ZFA:0009270	semapv:UnspecifiedMatching	odontoclast	odontoclast
CL:0000589	oboInOwl:hasDbXref	BTO:0003667	semapv:UnspecifiedMatching	cochlear inner hair cell	inner hair cell
CL:0000589	oboInOwl:hasDbXref	FMA:62365	semapv:UnspecifiedMatching	cochlear inner hair cell	Cochlear inner hair cell
CL:0000590	oboInOwl:hasDbXref	BTO:0002850	semapv:UnspecifiedMatching	small luteal cell	theca cell
CL:0000590	oboInOwl:hasDbXref	FMA:18690	semapv:UnspecifiedMatching	small luteal cell	Theca lutein cell
CL:0000592	oboInOwl:hasDbXref	FMA:18689	semapv:UnspecifiedMatching	large luteal cell	Granulosa lutein cell
CL:0000593	oboInOwl:hasDbXref	ZFA:0009271	semapv:UnspecifiedMatching	androgen secreting cell	androgen secreting cell
CL:0000594	oboInOwl:hasDbXref	ZFA:0009272	semapv:UnspecifiedMatching	skeletal muscle satellite cell	skeletal muscle satellite cell
CL:0000596	oboInOwl:hasDbXref	FAO:0000017	semapv:UnspecifiedMatching	sexual spore	sexual spore
CL:0000597	oboInOwl:hasDbXref	FAO:0000028	semapv:UnspecifiedMatching	microconidium	microconidium
CL:0000598	oboInOwl:hasDbXref	BTO:0003102	semapv:UnspecifiedMatching	pyramidal neuron	pyramidal neuron
CL:0000598	oboInOwl:hasDbXref	FMA:67310	semapv:UnspecifiedMatching	pyramidal neuron	Projection neuron
CL:0000598	oboInOwl:hasDbXref	FMA:86775	semapv:UnspecifiedMatching	pyramidal neuron	Pyramidal cell
CL:0000598	oboInOwl:hasDbXref	ZFA:0009273	semapv:UnspecifiedMatching	pyramidal neuron	pyramidal cell
CL:0000599	oboInOwl:hasDbXref	BTO:0000283	semapv:UnspecifiedMatching	conidium	conidium
CL:0000599	oboInOwl:hasDbXref	FAO:0000024	semapv:UnspecifiedMatching	conidium	conidium
CL:0000601	oboInOwl:hasDbXref	BTO:0003666	semapv:UnspecifiedMatching	cochlear outer hair cell	outer hair cell
CL:0000601	oboInOwl:hasDbXref	FMA:62366	semapv:UnspecifiedMatching	cochlear outer hair cell	Cochlear outer hair cell
CL:0000602	oboInOwl:hasDbXref	ZFA:0009274	semapv:UnspecifiedMatching	pressoreceptor cell	pressoreceptor cell
CL:0000604	oboInOwl:hasDbXref	BTO:0001024	semapv:UnspecifiedMatching	retinal rod cell	retinal rod
CL:0000604	oboInOwl:hasDbXref	FMA:67747	semapv:UnspecifiedMatching	retinal rod cell	Rod cell
CL:0000604	oboInOwl:hasDbXref	ZFA:0009275	semapv:UnspecifiedMatching	retinal rod cell	retinal rod cell
CL:0000605	oboInOwl:hasDbXref	FAO:0000023	semapv:UnspecifiedMatching	fungal asexual spore	asexual spore
CL:0000606	oboInOwl:hasDbXref	FAO:0000038	semapv:UnspecifiedMatching	macroconidium	macroconidium
CL:0000607	oboInOwl:hasDbXref	BTO:0000097	semapv:UnspecifiedMatching	ascospore	ascospore
CL:0000607	oboInOwl:hasDbXref	FAO:0000020	semapv:UnspecifiedMatching	ascospore	ascospore
CL:0000608	oboInOwl:hasDbXref	FAO:0000040	semapv:UnspecifiedMatching	zygospore	zygospore
CL:0000609	oboInOwl:hasDbXref	FMA:62351	semapv:UnspecifiedMatching	vestibular hair cell	Vestibular sensory cell
CL:0000612	oboInOwl:hasDbXref	BTO:0003454	semapv:UnspecifiedMatching	eosinophilic myelocyte	eosinophilic myelocyte
CL:0000612	oboInOwl:hasDbXref	FMA:83542	semapv:UnspecifiedMatching	eosinophilic myelocyte	Eosinophilic myleocyte
CL:0000614	oboInOwl:hasDbXref	BTO:0003456	semapv:UnspecifiedMatching	basophilic myelocyte	basophilic myelocyte
CL:0000614	oboInOwl:hasDbXref	FMA:83543	semapv:UnspecifiedMatching	basophilic myelocyte	Basophilic myelocyte
CL:0000615	oboInOwl:hasDbXref	BTO:0002166	semapv:UnspecifiedMatching	basidiospore	basidiospore
CL:0000615	oboInOwl:hasDbXref	FAO:0000021	semapv:UnspecifiedMatching	basidiospore	basidiospore
CL:0000617	oboInOwl:hasDbXref	FBbt:00007228	semapv:UnspecifiedMatching	GABAergic neuron	GABAergic neuron
CL:0000617	oboInOwl:hasDbXref	FMA:84788	semapv:UnspecifiedMatching	GABAergic neuron	GABAergic neuron
CL:0000617	oboInOwl:hasDbXref	MESH:D059330	semapv:UnspecifiedMatching	GABAergic neuron	
CL:0000617	oboInOwl:hasDbXref	WBbt:0005190	semapv:UnspecifiedMatching	GABAergic neuron	GABAergic neuron
CL:0000617	oboInOwl:hasDbXref	ZFA:0009276	semapv:UnspecifiedMatching	GABAergic neuron	GABAergic neuron
CL:0000620	oboInOwl:hasDbXref	FAO:0000039	semapv:UnspecifiedMatching	obsolete zoospore	oospore
CL:0000622	oboInOwl:hasDbXref	FMA:83625	semapv:UnspecifiedMatching	acinar cell	Acinar cell
CL:0000622	oboInOwl:hasDbXref	MESH:D061354	semapv:UnspecifiedMatching	acinar cell	
CL:0000622	oboInOwl:hasDbXref	ZFA:0009277	semapv:UnspecifiedMatching	acinar cell	acinar cell
CL:0000623	oboInOwl:hasDbXref	BTO:0000914	semapv:UnspecifiedMatching	natural killer cell	natural killer cell
CL:0000623	oboInOwl:hasDbXref	BTO:0004716	semapv:UnspecifiedMatching	natural killer cell	null cell
CL:0000623	oboInOwl:hasDbXref	FMA:63147	semapv:UnspecifiedMatching	natural killer cell	Natural killer cell
CL:0000623	oboInOwl:hasDbXref	FMA:83601	semapv:UnspecifiedMatching	natural killer cell	Null lymphocyte
CL:0000623	oboInOwl:hasDbXref	MESH:D007694	semapv:UnspecifiedMatching	natural killer cell	
CL:0000623	oboInOwl:hasDbXref	VHOG:0001697	semapv:UnspecifiedMatching	natural killer cell	
CL:0000623	oboInOwl:hasDbXref	ZFA:0009278	semapv:UnspecifiedMatching	natural killer cell	natural killer cell
CL:0000626	oboInOwl:hasDbXref	ZFA:0001694	semapv:UnspecifiedMatching	olfactory granule cell	olfactory granule cell
CL:0000630	oboInOwl:hasDbXref	BTO:0002315	semapv:UnspecifiedMatching	supporting cell	supporting cell
CL:0000630	oboInOwl:hasDbXref	ZFA:0009387	semapv:UnspecifiedMatching	supporting cell	supportive cell
CL:0000632	oboInOwl:hasDbXref	BTO:0002741	semapv:UnspecifiedMatching	hepatic stellate cell	hepatic stellate cell
CL:0000632	oboInOwl:hasDbXref	FMA:67763	semapv:UnspecifiedMatching	hepatic stellate cell	Hepatic perisinusoidal cell
CL:0000632	oboInOwl:hasDbXref	ZFA:0009279	semapv:UnspecifiedMatching	hepatic stellate cell	ito cell
CL:0000633	oboInOwl:hasDbXref	FMA:79799	semapv:UnspecifiedMatching	Hensen cell	External limiting cell of organ of Corti
CL:0000634	oboInOwl:hasDbXref	FMA:79802	semapv:UnspecifiedMatching	Claudius cell	External supporting cell of organ of Corti
CL:0000635	oboInOwl:hasDbXref	FMA:75725	semapv:UnspecifiedMatching	Deiter's cell	Outer phalangeal cell of cochlea
CL:0000636	oboInOwl:hasDbXref	BTO:0003064	semapv:UnspecifiedMatching	Mueller cell	Mueller cell
CL:0000636	oboInOwl:hasDbXref	ZFA:0009280	semapv:UnspecifiedMatching	Mueller cell	Muller cell
CL:0000637	oboInOwl:hasDbXref	FMA:83089	semapv:UnspecifiedMatching	chromophil cell of anterior pituitary gland	Chromophil cell of pars distalis of adenohypophysis
CL:0000638	oboInOwl:hasDbXref	FMA:83093	semapv:UnspecifiedMatching	acidophil cell of pars distalis of adenohypophysis	Acidophil cell of pars distalis of adenohypophysis
CL:0000639	oboInOwl:hasDbXref	FMA:83094	semapv:UnspecifiedMatching	basophil cell of pars distalis of adenohypophysis	Basophil cell of pars distalis of adenohypophysis
CL:0000641	oboInOwl:hasDbXref	FMA:83626	semapv:UnspecifiedMatching	chromophobe cell	Chromophobe cell
CL:0000642	oboInOwl:hasDbXref	ZFA:0009281	semapv:UnspecifiedMatching	folliculostellate cell	folliculostellate cell
CL:0000644	oboInOwl:hasDbXref	FMA:54559	semapv:UnspecifiedMatching	Bergmann glial cell	Golgi epithelial cell of cerebellum
CL:0000644	oboInOwl:hasDbXref	ZFA:0009282	semapv:UnspecifiedMatching	Bergmann glial cell	Bergmann glial cell
CL:0000645	oboInOwl:hasDbXref	BTO:0003793	semapv:UnspecifiedMatching	pituicyte	pituicyte
CL:0000645	oboInOwl:hasDbXref	FMA:83503	semapv:UnspecifiedMatching	pituicyte	Pituicyte
CL:0000646	oboInOwl:hasDbXref	BTO:0000939	semapv:UnspecifiedMatching	basal cell	basal cell
CL:0000646	oboInOwl:hasDbXref	FMA:62516	semapv:UnspecifiedMatching	basal cell	Basal cell
CL:0000647	oboInOwl:hasDbXref	BTO:0003107	semapv:UnspecifiedMatching	multinucleated giant cell	foreign-body giant cell
CL:0000647	oboInOwl:hasDbXref	FMA:83035	semapv:UnspecifiedMatching	multinucleated giant cell	Syncytial giant cell
CL:0000647	oboInOwl:hasDbXref	MESH:D015726	semapv:UnspecifiedMatching	multinucleated giant cell	
CL:0000648	oboInOwl:hasDbXref	FMA:84138	semapv:UnspecifiedMatching	kidney granular cell	Juxtaglomerular cell
CL:0000648	oboInOwl:hasDbXref	ZFA:0005238	semapv:UnspecifiedMatching	kidney granular cell	juxtaglomerular cell
CL:0000649	oboInOwl:hasDbXref	FMA:69059	semapv:UnspecifiedMatching	prickle cell	Prickle cell of epidermis
CL:0000650	oboInOwl:hasDbXref	BTO:0000853	semapv:UnspecifiedMatching	mesangial cell	mesangial cell
CL:0000650	oboInOwl:hasDbXref	FMA:70972	semapv:UnspecifiedMatching	mesangial cell	Mesangial cell
CL:0000650	oboInOwl:hasDbXref	MESH:D050527	semapv:UnspecifiedMatching	mesangial cell	
CL:0000650	oboInOwl:hasDbXref	ZFA:0009283	semapv:UnspecifiedMatching	mesangial cell	mesangial cell
CL:0000652	oboInOwl:hasDbXref	BTO:0001068	semapv:UnspecifiedMatching	pinealocyte	pinealocyte
CL:0000652	oboInOwl:hasDbXref	FMA:83417	semapv:UnspecifiedMatching	pinealocyte	Pinealocyte
CL:0000652	oboInOwl:hasDbXref	ZFA:0009284	semapv:UnspecifiedMatching	pinealocyte	pinealocyte
CL:0000653	oboInOwl:hasDbXref	BTO:0002295	semapv:UnspecifiedMatching	podocyte	podocyte
CL:0000653	oboInOwl:hasDbXref	FMA:70967	semapv:UnspecifiedMatching	podocyte	Epithelial cell of visceral layer of glomerular capsule
CL:0000653	oboInOwl:hasDbXref	ZFA:0009285	semapv:UnspecifiedMatching	podocyte	podocyte
CL:0000654	oboInOwl:hasDbXref	BTO:0000512	semapv:UnspecifiedMatching	primary oocyte	primary oocyte
CL:0000654	oboInOwl:hasDbXref	FMA:18645	semapv:UnspecifiedMatching	primary oocyte	Primary oocyte
CL:0000655	oboInOwl:hasDbXref	BTO:0003094	semapv:UnspecifiedMatching	secondary oocyte	secondary oocyte
CL:0000655	oboInOwl:hasDbXref	FMA:18646	semapv:UnspecifiedMatching	secondary oocyte	Secondary oocyte
CL:0000656	oboInOwl:hasDbXref	BTO:0001115	semapv:UnspecifiedMatching	primary spermatocyte	primary spermatocyte
CL:0000656	oboInOwl:hasDbXref	FMA:72292	semapv:UnspecifiedMatching	primary spermatocyte	Primary spermatocyte
CL:0000657	oboInOwl:hasDbXref	BTO:0000709	semapv:UnspecifiedMatching	secondary spermatocyte	secondary spermatocyte
CL:0000657	oboInOwl:hasDbXref	FBbt:00004941	semapv:UnspecifiedMatching	secondary spermatocyte	secondary spermatocyte
CL:0000657	oboInOwl:hasDbXref	FMA:72293	semapv:UnspecifiedMatching	secondary spermatocyte	Secondary spermatocyte
CL:0000666	oboInOwl:hasDbXref	ZFA:0009286	semapv:UnspecifiedMatching	fenestrated endothelial cell	fenestrated cell
CL:0000667	oboInOwl:hasDbXref	ZFA:0009287	semapv:UnspecifiedMatching	collagen secreting cell	collagen secreting cell
CL:0000668	oboInOwl:hasDbXref	BTO:0002174	semapv:UnspecifiedMatching	obsolete parenchymal cell	parenchymal cell
CL:0000668	oboInOwl:hasDbXref	FMA:84638	semapv:UnspecifiedMatching	obsolete parenchymal cell	Parenchymal cell
CL:0000669	oboInOwl:hasDbXref	BTO:0002441	semapv:UnspecifiedMatching	pericyte	pericyte
CL:0000669	oboInOwl:hasDbXref	FMA:63174	semapv:UnspecifiedMatching	pericyte	Pericyte
CL:0000669	oboInOwl:hasDbXref	ZFA:0009112	semapv:UnspecifiedMatching	pericyte	pericyte
CL:0000670	oboInOwl:hasDbXref	FMA:70567	semapv:UnspecifiedMatching	primordial germ cell	Primordial germ cell
CL:0000670	oboInOwl:hasDbXref	ZFA:0009288	semapv:UnspecifiedMatching	primordial germ cell	primordial germ cell
CL:0000671	oboInOwl:hasDbXref	FBbt:00004906	semapv:UnspecifiedMatching	centripetally migrating follicle cell	centripetal follicle cell
CL:0000673	oboInOwl:hasDbXref	FBbt:00003686	semapv:UnspecifiedMatching	Kenyon cell	Kenyon cell
CL:0000674	oboInOwl:hasDbXref	FBbt:00004910	semapv:UnspecifiedMatching	interfollicle cell	stalk follicle cell
CL:0000676	oboInOwl:hasDbXref	BTO:0001033	semapv:UnspecifiedMatching	cap cell	prostate cancer cell line
CL:0000677	oboInOwl:hasDbXref	ZFA:0009289	semapv:UnspecifiedMatching	gut absorptive cell	gut absorptive cell
CL:0000679	oboInOwl:hasDbXref	FBbt:00100291	semapv:UnspecifiedMatching	glutamatergic neuron	glutamatergic neuron
CL:0000679	oboInOwl:hasDbXref	WBbt:0006829	semapv:UnspecifiedMatching	glutamatergic neuron	glutamatergic neuron
CL:0000679	oboInOwl:hasDbXref	ZFA:0009290	semapv:UnspecifiedMatching	glutamatergic neuron	glutamatergic neuron
CL:0000680	oboInOwl:hasDbXref	ZFA:0009291	semapv:UnspecifiedMatching	muscle precursor cell	muscle precursor cell
CL:0000681	oboInOwl:hasDbXref	ZFA:0009292	semapv:UnspecifiedMatching	radial glial cell	radial glial cell
CL:0000682	oboInOwl:hasDbXref	BTO:0003600	semapv:UnspecifiedMatching	M cell of gut	M cell
CL:0000682	oboInOwl:hasDbXref	FMA:62929	semapv:UnspecifiedMatching	M cell of gut	Microfold cell
CL:0000682	oboInOwl:hasDbXref	ZFA:0009293	semapv:UnspecifiedMatching	M cell of gut	M cell
CL:0000683	oboInOwl:hasDbXref	MESH:D063928	semapv:UnspecifiedMatching	ependymoglial cell	
CL:0000683	oboInOwl:hasDbXref	ZFA:0009294	semapv:UnspecifiedMatching	ependymoglial cell	ependymoglial cell
CL:0000686	oboInOwl:hasDbXref	ZFA:0009295	semapv:UnspecifiedMatching	cerebrospinal fluid secreting cell	cerebrospinal fluid secreting cell
CL:0000687	oboInOwl:hasDbXref	FBbt:00004213	semapv:UnspecifiedMatching	R1 photoreceptor cell	photoreceptor cell R1
CL:0000688	oboInOwl:hasDbXref	ZFA:0009296	semapv:UnspecifiedMatching	perijunctional fibroblast	perijunctional fibroblast
CL:0000690	oboInOwl:hasDbXref	FBbt:00004215	semapv:UnspecifiedMatching	R2 photoreceptor cell	photoreceptor cell R2
CL:0000691	oboInOwl:hasDbXref	ZFA:0009297	semapv:UnspecifiedMatching	stellate interneuron	stellate interneuron
CL:0000692	oboInOwl:hasDbXref	ZFA:0009298	semapv:UnspecifiedMatching	terminal Schwann cell	terminal Schwann cell
CL:0000693	oboInOwl:hasDbXref	ZFA:0009299	semapv:UnspecifiedMatching	neurogliaform cell	neuroglioform cell
CL:0000694	oboInOwl:hasDbXref	FBbt:00004217	semapv:UnspecifiedMatching	R3 photoreceptor cell	photoreceptor cell R3
CL:0000695	oboInOwl:hasDbXref	ZFA:0009300	semapv:UnspecifiedMatching	Cajal-Retzius cell	Cajal-Retzius cell
CL:0000696	oboInOwl:hasDbXref	FMA:62938	semapv:UnspecifiedMatching	PP cell	Type PP enteroendocrine cell
CL:0000696	oboInOwl:hasDbXref	FMA:83409	semapv:UnspecifiedMatching	PP cell	Type F enteroendocrine cell
CL:0000697	oboInOwl:hasDbXref	FBbt:00004219	semapv:UnspecifiedMatching	R4 photoreceptor cell	photoreceptor cell R4
CL:0000700	oboInOwl:hasDbXref	BTO:0004032	semapv:UnspecifiedMatching	dopaminergic neuron	dopaminergic neuron
CL:0000700	oboInOwl:hasDbXref	FBbt:00005131	semapv:UnspecifiedMatching	dopaminergic neuron	dopaminergic neuron
CL:0000700	oboInOwl:hasDbXref	FMA:84787	semapv:UnspecifiedMatching	dopaminergic neuron	Dopaminergic neuron
CL:0000700	oboInOwl:hasDbXref	MESH:D059290	semapv:UnspecifiedMatching	dopaminergic neuron	
CL:0000700	oboInOwl:hasDbXref	WBbt:0006746	semapv:UnspecifiedMatching	dopaminergic neuron	dopaminergic neuron
CL:0000700	oboInOwl:hasDbXref	ZFA:0009301	semapv:UnspecifiedMatching	dopaminergic neuron	dopaminergic neuron
CL:0000702	oboInOwl:hasDbXref	FBbt:00004221	semapv:UnspecifiedMatching	R5 photoreceptor cell	photoreceptor cell R5
CL:0000703	oboInOwl:hasDbXref	BTO:0002315	semapv:UnspecifiedMatching	sustentacular cell	supporting cell
CL:0000703	oboInOwl:hasDbXref	ZFA:0009302	semapv:UnspecifiedMatching	sustentacular cell	sustentacular cell
CL:0000704	oboInOwl:hasDbXref	ZFA:0009303	semapv:UnspecifiedMatching	endothelial tip cell	endothelial tip cell
CL:0000705	oboInOwl:hasDbXref	FBbt:00004223	semapv:UnspecifiedMatching	R6 photoreceptor cell	photoreceptor cell R6
CL:0000706	oboInOwl:hasDbXref	FMA:70549	semapv:UnspecifiedMatching	choroid plexus epithelial cell	Epithelial cell of choroid plexus
CL:0000706	oboInOwl:hasDbXref	ZFA:0009304	semapv:UnspecifiedMatching	choroid plexus epithelial cell	choroid plexus epithelial cell
CL:0000707	oboInOwl:hasDbXref	FBbt:00004225	semapv:UnspecifiedMatching	R7 photoreceptor cell	photoreceptor cell R7
CL:0000708	oboInOwl:hasDbXref	ZFA:0009305	semapv:UnspecifiedMatching	leptomeningeal cell	leptomeningeal cell
CL:0000709	oboInOwl:hasDbXref	FBbt:00004227	semapv:UnspecifiedMatching	R8 photoreceptor cell	photoreceptor cell R8
CL:0000710	oboInOwl:hasDbXref	BTO:0004301	semapv:UnspecifiedMatching	neurecto-epithelial cell	neuroepithelial cell
CL:0000710	oboInOwl:hasDbXref	FMA:70557	semapv:UnspecifiedMatching	neurecto-epithelial cell	Neurecto-epithelial cell
CL:0000711	oboInOwl:hasDbXref	BTO:0002236	semapv:UnspecifiedMatching	cumulus cell	ovarian cumulus cell
CL:0000711	oboInOwl:hasDbXref	MESH:D054885	semapv:UnspecifiedMatching	cumulus cell	
CL:0000715	oboInOwl:hasDbXref	FBbt:00001690	semapv:UnspecifiedMatching	embryonic crystal cell	embryonic/larval crystal cell
CL:0000718	oboInOwl:hasDbXref	FBbt:00004193	semapv:UnspecifiedMatching	compound eye cone cell	cone cell
CL:0000723	oboInOwl:hasDbXref	MESH:D053687	semapv:UnspecifiedMatching	somatic stem cell	
CL:0000723	oboInOwl:hasDbXref	ZFA:0009307	semapv:UnspecifiedMatching	somatic stem cell	somatic stem cell
CL:0000724	oboInOwl:hasDbXref	BTO:0000600	semapv:UnspecifiedMatching	heterocyst	heterocyst
CL:0000731	oboInOwl:hasDbXref	FMA:84127	semapv:UnspecifiedMatching	urothelial cell	Transitional epithelial cell of urinary bladder
CL:0000731	oboInOwl:hasDbXref	ZFA:0009308	semapv:UnspecifiedMatching	urothelial cell	urothelial cell
CL:0000735	oboInOwl:hasDbXref	FBbt:00005917	semapv:UnspecifiedMatching	lymph gland hemocyte	lymph gland derived hemocyte
CL:0000737	oboInOwl:hasDbXref	BTO:0002916	semapv:UnspecifiedMatching	striated muscle cell	striated muscle cell
CL:0000737	oboInOwl:hasDbXref	FMA:86936	semapv:UnspecifiedMatching	striated muscle cell	Striated muscle cell
CL:0000737	oboInOwl:hasDbXref	ZFA:0005784	semapv:UnspecifiedMatching	striated muscle cell	striated muscle cell
CL:0000738	oboInOwl:hasDbXref	BTO:0000751	semapv:UnspecifiedMatching	leukocyte	leukocyte
CL:0000738	oboInOwl:hasDbXref	FMA:62852	semapv:UnspecifiedMatching	leukocyte	Leukocyte
CL:0000738	oboInOwl:hasDbXref	MESH:D007962	semapv:UnspecifiedMatching	leukocyte	
CL:0000738	oboInOwl:hasDbXref	NCIT:C12529	semapv:UnspecifiedMatching	leukocyte	Leukocyte
CL:0000738	oboInOwl:hasDbXref	ZFA:0009309	semapv:UnspecifiedMatching	leukocyte	leukocyte
CL:0000740	oboInOwl:hasDbXref	BTO:0001800	semapv:UnspecifiedMatching	retinal ganglion cell	retinal ganglion cell
CL:0000740	oboInOwl:hasDbXref	FMA:67765	semapv:UnspecifiedMatching	retinal ganglion cell	Ganglion cell of retina
CL:0000740	oboInOwl:hasDbXref	MESH:D012165	semapv:UnspecifiedMatching	retinal ganglion cell	
CL:0000740	oboInOwl:hasDbXref	ZFA:0009310	semapv:UnspecifiedMatching	retinal ganglion cell	retinal ganglion cell
CL:0000741	oboInOwl:hasDbXref	ZFA:0009311	semapv:UnspecifiedMatching	spinal accessory motor neuron	spinal accessory motor neuron
CL:0000742	oboInOwl:hasDbXref	ZFA:0009312	semapv:UnspecifiedMatching	periarticular chondrocyte	periarticular chondrocyte
CL:0000743	oboInOwl:hasDbXref	ZFA:0009313	semapv:UnspecifiedMatching	hypertrophic chondrocyte	hypertrophic chondrocyte
CL:0000744	oboInOwl:hasDbXref	ZFA:0009314	semapv:UnspecifiedMatching	columnar chondrocyte	columnar chondrocyte
CL:0000745	oboInOwl:hasDbXref	BTO:0004120	semapv:UnspecifiedMatching	retina horizontal cell	horizontal cell
CL:0000745	oboInOwl:hasDbXref	ZFA:0009315	semapv:UnspecifiedMatching	retina horizontal cell	horizontal cell
CL:0000746	oboInOwl:hasDbXref	BTO:0001539	semapv:UnspecifiedMatching	cardiac muscle cell	parenchyma
CL:0000746	oboInOwl:hasDbXref	FMA:14067	semapv:UnspecifiedMatching	cardiac muscle cell	Cardiac myocyte
CL:0000746	oboInOwl:hasDbXref	MESH:D032383	semapv:UnspecifiedMatching	cardiac muscle cell	
CL:0000746	oboInOwl:hasDbXref	ZFA:0009316	semapv:UnspecifiedMatching	cardiac muscle cell	cardiac muscle cell
CL:0000747	oboInOwl:hasDbXref	ZFA:0009317	semapv:UnspecifiedMatching	cyanophore	cyanophore
CL:0000748	oboInOwl:hasDbXref	ZFA:0009318	semapv:UnspecifiedMatching	retinal bipolar neuron	retinal bipolar neuron
CL:0000749	oboInOwl:hasDbXref	ZFA:0009319	semapv:UnspecifiedMatching	ON-bipolar cell	ON-bipolar cell
CL:0000750	oboInOwl:hasDbXref	ZFA:0009320	semapv:UnspecifiedMatching	OFF-bipolar cell	OFF-bipolar cell
CL:0000751	oboInOwl:hasDbXref	FMA:67750	semapv:UnspecifiedMatching	rod bipolar cell	Rod bipolar cell
CL:0000751	oboInOwl:hasDbXref	ZFA:0009321	semapv:UnspecifiedMatching	rod bipolar cell	rod bipolar cell
CL:0000752	oboInOwl:hasDbXref	ZFA:0009322	semapv:UnspecifiedMatching	cone retinal bipolar cell	cone retinal bipolar cell
CL:0000762	oboInOwl:hasDbXref	ZFA:0009323	semapv:UnspecifiedMatching	nucleated thrombocyte	thrombocyte
CL:0000763	oboInOwl:hasDbXref	BTO:0001441	semapv:UnspecifiedMatching	myeloid cell	marrow cell
CL:0000763	oboInOwl:hasDbXref	MESH:D022423	semapv:UnspecifiedMatching	myeloid cell	
CL:0000763	oboInOwl:hasDbXref	ZFA:0009324	semapv:UnspecifiedMatching	myeloid cell	myeloid cell
CL:0000764	oboInOwl:hasDbXref	FMA:62845	semapv:UnspecifiedMatching	erythroid lineage cell	Erythrocyte
CL:0000764	oboInOwl:hasDbXref	FMA:83516	semapv:UnspecifiedMatching	erythroid lineage cell	Erythropoietic cell
CL:0000764	oboInOwl:hasDbXref	ZFA:0009325	semapv:UnspecifiedMatching	erythroid lineage cell	erythroid lineage cell
CL:0000765	oboInOwl:hasDbXref	BTO:0001571	semapv:UnspecifiedMatching	erythroblast	erythroblast
CL:0000765	oboInOwl:hasDbXref	FMA:83504	semapv:UnspecifiedMatching	erythroblast	Erythroblast
CL:0000765	oboInOwl:hasDbXref	MESH:D004900	semapv:UnspecifiedMatching	erythroblast	
CL:0000765	oboInOwl:hasDbXref	ZFA:0005237	semapv:UnspecifiedMatching	erythroblast	erythroblast
CL:0000766	oboInOwl:hasDbXref	ZFA:0009326	semapv:UnspecifiedMatching	myeloid leukocyte	myeloid leukocyte
CL:0000767	oboInOwl:hasDbXref	BTO:0000129	semapv:UnspecifiedMatching	basophil	basophil
CL:0000767	oboInOwl:hasDbXref	FMA:62862	semapv:UnspecifiedMatching	basophil	Basophil
CL:0000769	oboInOwl:hasDbXref	FMA:84198	semapv:UnspecifiedMatching	basophilic metamyelocyte	Basophilic metamyelocyte
CL:0000771	oboInOwl:hasDbXref	BTO:0000399	semapv:UnspecifiedMatching	eosinophil	eosinophil
CL:0000771	oboInOwl:hasDbXref	FMA:62861	semapv:UnspecifiedMatching	eosinophil	Eosinophil
CL:0000771	oboInOwl:hasDbXref	MESH:D004804	semapv:UnspecifiedMatching	eosinophil	
CL:0000775	oboInOwl:hasDbXref	BTO:0000130	semapv:UnspecifiedMatching	neutrophil	neutrophil
CL:0000775	oboInOwl:hasDbXref	FMA:62860	semapv:UnspecifiedMatching	neutrophil	Neutrophil
CL:0000775	oboInOwl:hasDbXref	MESH:D009504	semapv:UnspecifiedMatching	neutrophil	
CL:0000775	oboInOwl:hasDbXref	ZFA:0009327	semapv:UnspecifiedMatching	neutrophil	neutrophil
CL:0000776	oboInOwl:hasDbXref	ZFA:0009328	semapv:UnspecifiedMatching	immature neutrophil	immature neutrophil
CL:0000778	oboInOwl:hasDbXref	ZFA:0009329	semapv:UnspecifiedMatching	mononuclear osteoclast	mononuclear osteoclast
CL:0000781	oboInOwl:hasDbXref	ZFA:0009330	semapv:UnspecifiedMatching	mononuclear odontoclast	mononuclear odontoclast
CL:0000782	oboInOwl:hasDbXref	BTO:0004721	semapv:UnspecifiedMatching	myeloid dendritic cell	myeloid dendritic cell
CL:0000784	oboInOwl:hasDbXref	BTO:0004625	semapv:UnspecifiedMatching	plasmacytoid dendritic cell	plasmacytoid dendritic cell
CL:0000785	oboInOwl:hasDbXref	ZFA:0009331	semapv:UnspecifiedMatching	mature B cell	mature B cell
CL:0000786	oboInOwl:hasDbXref	BTO:0000392	semapv:UnspecifiedMatching	plasma cell	plasma cell
CL:0000786	oboInOwl:hasDbXref	FMA:70574	semapv:UnspecifiedMatching	plasma cell	Plasma cell
CL:0000786	oboInOwl:hasDbXref	MESH:D010950	semapv:UnspecifiedMatching	plasma cell	
CL:0000786	oboInOwl:hasDbXref	ZFA:0009332	semapv:UnspecifiedMatching	plasma cell	plasma cell
CL:0000787	oboInOwl:hasDbXref	ZFA:0009333	semapv:UnspecifiedMatching	memory B cell	memory B cell
CL:0000788	oboInOwl:hasDbXref	ZFA:0009334	semapv:UnspecifiedMatching	naive B cell	naive B cell
CL:0000789	oboInOwl:hasDbXref	ZFA:0009335	semapv:UnspecifiedMatching	alpha-beta T cell	alpha-beta T cell
CL:0000798	oboInOwl:hasDbXref	ZFA:0009336	semapv:UnspecifiedMatching	gamma-delta T cell	gamma-delta T cell
CL:0000799	oboInOwl:hasDbXref	ZFA:0009337	semapv:UnspecifiedMatching	immature gamma-delta T cell	immature gamma-delta T cell
CL:0000800	oboInOwl:hasDbXref	ZFA:0009338	semapv:UnspecifiedMatching	mature gamma-delta T cell	mature gamma-delta T cell
CL:0000801	oboInOwl:hasDbXref	ZFA:0009339	semapv:UnspecifiedMatching	gamma-delta intraepithelial T cell	gamma-delta intraepithelial T cell
CL:0000813	oboInOwl:hasDbXref	BTO:0003435	semapv:UnspecifiedMatching	memory T cell	memory T-lymphocyte
CL:0000813	oboInOwl:hasDbXref	ZFA:0009342	semapv:UnspecifiedMatching	memory T cell	memory T cell
CL:0000815	oboInOwl:hasDbXref	BTO:0004520	semapv:UnspecifiedMatching	regulatory T cell	regulatory T-lymphocyte
CL:0000815	oboInOwl:hasDbXref	FMA:84070	semapv:UnspecifiedMatching	regulatory T cell	Suppresor T lymphocyte
CL:0000815	oboInOwl:hasDbXref	MESH:D050378	semapv:UnspecifiedMatching	regulatory T cell	
CL:0000816	oboInOwl:hasDbXref	ZFA:0009343	semapv:UnspecifiedMatching	immature B cell	immature B cell
CL:0000817	oboInOwl:hasDbXref	BTO:0001133	semapv:UnspecifiedMatching	precursor B cell	pre-B-lymphocyte
CL:0000817	oboInOwl:hasDbXref	ZFA:0009344	semapv:UnspecifiedMatching	precursor B cell	precursor B cell
CL:0000818	oboInOwl:hasDbXref	ZFA:0009345	semapv:UnspecifiedMatching	transitional stage B cell	transitional stage B cell
CL:0000823	oboInOwl:hasDbXref	ZFA:0009346	semapv:UnspecifiedMatching	immature natural killer cell	immature natural killer cell
CL:0000824	oboInOwl:hasDbXref	ZFA:0009347	semapv:UnspecifiedMatching	mature natural killer cell	mature natural killer cell
CL:0000825	oboInOwl:hasDbXref	ZFA:0009348	semapv:UnspecifiedMatching	pro-NK cell	pro-NK cell
CL:0000826	oboInOwl:hasDbXref	BTO:0003104	semapv:UnspecifiedMatching	pro-B cell	pro-B-lymphocyte
CL:0000826	oboInOwl:hasDbXref	ZFA:0009349	semapv:UnspecifiedMatching	pro-B cell	pro-B cell
CL:0000827	oboInOwl:hasDbXref	ZFA:0009350	semapv:UnspecifiedMatching	pro-T cell	pro-T cell
CL:0000828	oboInOwl:hasDbXref	ZFA:0009351	semapv:UnspecifiedMatching	thromboblast	thromboblast
CL:0000830	oboInOwl:hasDbXref	FMA:84208	semapv:UnspecifiedMatching	basophilic promyelocyte	Basophilic promyelocyte
CL:0000833	oboInOwl:hasDbXref	FMA:84199	semapv:UnspecifiedMatching	eosinophilic promyelocyte	Eosinophilic promyelocyte
CL:0000834	oboInOwl:hasDbXref	ZFA:0009352	semapv:UnspecifiedMatching	neutrophil progenitor cell	neutrophil progenitor cell
CL:0000835	oboInOwl:hasDbXref	BTO:0000187	semapv:UnspecifiedMatching	myeloblast	myeloblast
CL:0000835	oboInOwl:hasDbXref	FMA:83524	semapv:UnspecifiedMatching	myeloblast	Myeloblast
CL:0000835	oboInOwl:hasDbXref	ZFA:0009353	semapv:UnspecifiedMatching	myeloblast	myeloblast
CL:0000836	oboInOwl:hasDbXref	FMA:83530	semapv:UnspecifiedMatching	promyelocyte	Promyelocyte
CL:0000837	oboInOwl:hasDbXref	BTO:0000725	semapv:UnspecifiedMatching	hematopoietic multipotent progenitor cell	hematopoietic stem cell
CL:0000837	oboInOwl:hasDbXref	ZFA:0009354	semapv:UnspecifiedMatching	hematopoietic multipotent progenitor cell	hematopoietic multipotent progenitor cell
CL:0000838	oboInOwl:hasDbXref	BTO:0004731	semapv:UnspecifiedMatching	lymphoid lineage restricted progenitor cell	lymphoid progenitor cell
CL:0000838	oboInOwl:hasDbXref	FMA:70338	semapv:UnspecifiedMatching	lymphoid lineage restricted progenitor cell	Lymphoid stem cell
CL:0000838	oboInOwl:hasDbXref	ZFA:0009355	semapv:UnspecifiedMatching	lymphoid lineage restricted progenitor cell	lymphoid progenitor cell
CL:0000839	oboInOwl:hasDbXref	BTO:0004730	semapv:UnspecifiedMatching	myeloid lineage restricted progenitor cell	myeloid progenitor cell
CL:0000839	oboInOwl:hasDbXref	FMA:70339	semapv:UnspecifiedMatching	myeloid lineage restricted progenitor cell	Myeloid stem cell
CL:0000839	oboInOwl:hasDbXref	ZFA:0009356	semapv:UnspecifiedMatching	myeloid lineage restricted progenitor cell	myeloid lineage restricted progenitor cell
CL:0000841	oboInOwl:hasDbXref	FMA:83038	semapv:UnspecifiedMatching	mature conventional dendritic cell	Interdigitating dendritic cell
CL:0000842	oboInOwl:hasDbXref	BTO:0000878	semapv:UnspecifiedMatching	mononuclear cell	mononuclear cell
CL:0000842	oboInOwl:hasDbXref	FMA:86713	semapv:UnspecifiedMatching	mononuclear cell	Peripheral blood mononuclear cell
CL:0000842	oboInOwl:hasDbXref	ZFA:0009357	semapv:UnspecifiedMatching	mononuclear cell	mononuclear cell
CL:0000847	oboInOwl:hasDbXref	ZFA:0009358	semapv:UnspecifiedMatching	ciliated olfactory receptor neuron	ciliated olfactory receptor neuron
CL:0000848	oboInOwl:hasDbXref	ZFA:0009359	semapv:UnspecifiedMatching	microvillous olfactory receptor neuron	microvillous olfactory receptor neuron
CL:0000849	oboInOwl:hasDbXref	ZFA:0009360	semapv:UnspecifiedMatching	crypt olfactory receptor neuron	crypt olfactory receptor neuron
CL:0000850	oboInOwl:hasDbXref	FBbt:00005133	semapv:UnspecifiedMatching	serotonergic neuron	serotonergic neuron
CL:0000850	oboInOwl:hasDbXref	MESH:D059326	semapv:UnspecifiedMatching	serotonergic neuron	
CL:0000850	oboInOwl:hasDbXref	WBbt:0006837	semapv:UnspecifiedMatching	serotonergic neuron	serotonergic neuron
CL:0000850	oboInOwl:hasDbXref	ZFA:0009361	semapv:UnspecifiedMatching	serotonergic neuron	serotonergic neuron
CL:0000851	oboInOwl:hasDbXref	ZFA:0009362	semapv:UnspecifiedMatching	neuromast mantle cell	neuromast mantle cell
CL:0000852	oboInOwl:hasDbXref	ZFA:0009363	semapv:UnspecifiedMatching	neuromast supporting cell	neuromast support cell
CL:0000853	oboInOwl:hasDbXref	FMA:62302	semapv:UnspecifiedMatching	olfactory epithelial supporting cell	Supporting cell of olfactory epithelium
CL:0000853	oboInOwl:hasDbXref	ZFA:0009364	semapv:UnspecifiedMatching	olfactory epithelial supporting cell	olfactory epithelial support cell
CL:0000854	oboInOwl:hasDbXref	ZFA:0009365	semapv:UnspecifiedMatching	interneuromast cell	interneuromast cell
CL:0000855	oboInOwl:hasDbXref	BTO:0004744	semapv:UnspecifiedMatching	sensory hair cell	hair cell
CL:0000855	oboInOwl:hasDbXref	ZFA:0009366	semapv:UnspecifiedMatching	sensory hair cell	hair cell
CL:0000856	oboInOwl:hasDbXref	ZFA:0009367	semapv:UnspecifiedMatching	neuromast hair cell	neuromast hair cell
CL:0000857	oboInOwl:hasDbXref	ZFA:0009368	semapv:UnspecifiedMatching	slow muscle myoblast	slow muscle myoblast
CL:0000858	oboInOwl:hasDbXref	ZFA:0009369	semapv:UnspecifiedMatching	fast muscle myoblast	fast muscle myoblast
CL:0000861	oboInOwl:hasDbXref	FMA:84643	semapv:UnspecifiedMatching	elicited macrophage	Free macrophage
CL:0000861	oboInOwl:hasDbXref	FMA:84645	semapv:UnspecifiedMatching	elicited macrophage	Wandering histiocyte
CL:0000864	oboInOwl:hasDbXref	FMA:84642	semapv:UnspecifiedMatching	tissue-resident macrophage	Fixed macrophage
CL:0000864	oboInOwl:hasDbXref	FMA:84644	semapv:UnspecifiedMatching	tissue-resident macrophage	Resting histiocyte
CL:0000871	oboInOwl:hasDbXref	FMA:83026	semapv:UnspecifiedMatching	splenic macrophage	Splenic macrophage
CL:0000891	oboInOwl:hasDbXref	BTO:0003872	semapv:UnspecifiedMatching	foam cell	foam cell
CL:0000891	oboInOwl:hasDbXref	FMA:83586	semapv:UnspecifiedMatching	foam cell	Foam cell
CL:0000891	oboInOwl:hasDbXref	MESH:D005487	semapv:UnspecifiedMatching	foam cell	
CL:0000893	oboInOwl:hasDbXref	BTO:0001372	semapv:UnspecifiedMatching	thymocyte	thymocyte
CL:0000893	oboInOwl:hasDbXref	FMA:72202	semapv:UnspecifiedMatching	thymocyte	Thymocyte
CL:0000893	oboInOwl:hasDbXref	MESH:D060168	semapv:UnspecifiedMatching	thymocyte	
CL:0000893	oboInOwl:hasDbXref	XAO:0003159	semapv:UnspecifiedMatching	thymocyte	thymocyte
CL:0000899	oboInOwl:hasDbXref	MESH:D058504	semapv:UnspecifiedMatching	T-helper 17 cell	
CL:0000910	oboInOwl:hasDbXref	BTO:0000289	semapv:UnspecifiedMatching	cytotoxic T cell	cytotoxic T-lymphocyte
CL:0000910	oboInOwl:hasDbXref	FMA:70573	semapv:UnspecifiedMatching	cytotoxic T cell	T-cytotoxic cell
CL:0000912	oboInOwl:hasDbXref	BTO:0002417	semapv:UnspecifiedMatching	helper T cell	helper T-lymphocyte
CL:0000912	oboInOwl:hasDbXref	MESH:D006377	semapv:UnspecifiedMatching	helper T cell	
CL:0000917	oboInOwl:hasDbXref	BTO:0004793	semapv:UnspecifiedMatching	Tc1 cell	TC1 cell
CL:0000917	oboInOwl:hasDbXref	BTO:0004888	semapv:UnspecifiedMatching	Tc1 cell	TC-1 cell
CL:0000917	oboInOwl:hasDbXref	FMA:84793	semapv:UnspecifiedMatching	Tc1 cell	T-cytotoxic cell type 1
CL:0000918	oboInOwl:hasDbXref	BTO:0004794	semapv:UnspecifiedMatching	Tc2 cell	TC2 cell
CL:0000918	oboInOwl:hasDbXref	FMA:84794	semapv:UnspecifiedMatching	Tc2 cell	T-cytotoxic cell type 2
CL:0000955	oboInOwl:hasDbXref	BTO:0001133	semapv:UnspecifiedMatching	pre-B-II cell	pre-B-lymphocyte
CL:0000980	oboInOwl:hasDbXref	FMA:84371	semapv:UnspecifiedMatching	plasmablast	Plasmablast
CL:0000988	oboInOwl:hasDbXref	BTO:0000574	semapv:UnspecifiedMatching	hematopoietic cell	hematopoietic cell
CL:0000988	oboInOwl:hasDbXref	FMA_2:70366	semapv:UnspecifiedMatching	hematopoietic cell	
CL:0000988	oboInOwl:hasDbXref	FMA:83598	semapv:UnspecifiedMatching	hematopoietic cell	Hematopoietic cell
CL:0000988	oboInOwl:hasDbXref	ZFA:0005830	semapv:UnspecifiedMatching	hematopoietic cell	hematopoietic cell
CL:0000990	oboInOwl:hasDbXref	FMA:84191	semapv:UnspecifiedMatching	conventional dendritic cell	Dendritic reticular cell
CL:0001006	oboInOwl:hasDbXref	BTO:0004812	semapv:UnspecifiedMatching	dermal dendritic cell	dermal dendritic cell
CL:0001031	oboInOwl:hasDbXref	BTO:0004278	semapv:UnspecifiedMatching	cerebellar granule cell	cerebellar granule cell
CL:0001031	oboInOwl:hasDbXref	ZFA:0001691	semapv:UnspecifiedMatching	cerebellar granule cell	cerebellar granule cell
CL:0001039	oboInOwl:hasDbXref	VSAO:0000116	semapv:UnspecifiedMatching	terminally differentiated osteoblast	
CL:0001040	oboInOwl:hasDbXref	VSAO:0000117	semapv:UnspecifiedMatching	non-terminally differentiated osteoblast	
CL:0001066	oboInOwl:hasDbXref	BTO:0004911	semapv:UnspecifiedMatching	erythroid progenitor cell, mammalian	erythroid progenitor cell
CL:0001070	oboInOwl:hasDbXref	MESH:D000069797	semapv:UnspecifiedMatching	beige adipocyte	
CL:0001658	oboInOwl:hasDbXref	FBbt:00004230	semapv:UnspecifiedMatching	visual pigment cell (sensu Nematoda and Protostomia)	pigment cell
CL:0002003	oboInOwl:hasDbXref	FMA:83517	semapv:UnspecifiedMatching	CD34-positive, GlyA-negative erythroid progenitor cell	Erythroid progenitor cell
CL:0002062	oboInOwl:hasDbXref	BTO:0000780	semapv:UnspecifiedMatching	pulmonary alveolar type 1 cell	alveolar cell type I
CL:0002062	oboInOwl:hasDbXref	FMA:62500	semapv:UnspecifiedMatching	pulmonary alveolar type 1 cell	Type I alveolar epithelial cell
CL:0002063	oboInOwl:hasDbXref	BTO:0000538	semapv:UnspecifiedMatching	pulmonary alveolar type 2 cell	alveolar cell type II
CL:0002063	oboInOwl:hasDbXref	FMA:62501	semapv:UnspecifiedMatching	pulmonary alveolar type 2 cell	Type II alveolar epithelial cell
CL:0002064	oboInOwl:hasDbXref	BTO:0000028	semapv:UnspecifiedMatching	pancreatic acinar cell	pancreatic acinar cell
CL:0002064	oboInOwl:hasDbXref	FMA:63032	semapv:UnspecifiedMatching	pancreatic acinar cell	Acinar cell of pancreas
CL:0002064	oboInOwl:hasDbXref	ZFA:0005739	semapv:UnspecifiedMatching	pancreatic acinar cell	pancreatic acinar cell
CL:0002066	oboInOwl:hasDbXref	FMA:14118	semapv:UnspecifiedMatching	Feyrter cell	Dense-core granulated cell
CL:0002067	oboInOwl:hasDbXref	FMA:62939	semapv:UnspecifiedMatching	type A enteroendocrine cell	Type A enteroendocrine cell
CL:0002068	oboInOwl:hasDbXref	BTO:0001032	semapv:UnspecifiedMatching	Purkinje myocyte	cardiac Purkinje cell
CL:0002068	oboInOwl:hasDbXref	FMA:14146	semapv:UnspecifiedMatching	Purkinje myocyte	Purkinje myocyte
CL:0002069	oboInOwl:hasDbXref	FMA:67909	semapv:UnspecifiedMatching	type II vestibular sensory cell	Type 2 vestibular sensory cell
CL:0002070	oboInOwl:hasDbXref	FMA:62352	semapv:UnspecifiedMatching	type I vestibular sensory cell	Type 1 vestibular sensory cell
CL:0002071	oboInOwl:hasDbXref	BTO:0002484	semapv:UnspecifiedMatching	enterocyte of epithelium of large intestine	columnar cell
CL:0002071	oboInOwl:hasDbXref	FMA:63638	semapv:UnspecifiedMatching	enterocyte of epithelium of large intestine	Vacuolar absorptive cell
CL:0002071	oboInOwl:hasDbXref	FMA:66771	semapv:UnspecifiedMatching	enterocyte of epithelium of large intestine	Columnar cell
CL:0002072	oboInOwl:hasDbXref	BTO:0004190	semapv:UnspecifiedMatching	nodal myocyte	pacemaker cell
CL:0002072	oboInOwl:hasDbXref	FMA:67101	semapv:UnspecifiedMatching	nodal myocyte	Nodal myocyte
CL:0002073	oboInOwl:hasDbXref	FMA:67142	semapv:UnspecifiedMatching	transitional myocyte	Transitional myocyte
CL:0002074	oboInOwl:hasDbXref	FMA:67111	semapv:UnspecifiedMatching	myocardial endocrine cell	Myocardial endocrine cell
CL:0002076	oboInOwl:hasDbXref	FMA:69075	semapv:UnspecifiedMatching	endo-epithelial cell	Endo-epithelial cell
CL:0002076	oboInOwl:hasDbXref	ZFA:0009383	semapv:UnspecifiedMatching	endo-epithelial cell	endo-epithelial cell
CL:0002077	oboInOwl:hasDbXref	FMA:69074	semapv:UnspecifiedMatching	ecto-epithelial cell	Ecto-epithelial cell
CL:0002077	oboInOwl:hasDbXref	ZFA:0009385	semapv:UnspecifiedMatching	ecto-epithelial cell	ecto-epithelial cell
CL:0002078	oboInOwl:hasDbXref	FMA:69076	semapv:UnspecifiedMatching	meso-epithelial cell	Meso-epithelial cell
CL:0002078	oboInOwl:hasDbXref	ZFA:0009388	semapv:UnspecifiedMatching	meso-epithelial cell	meso-epithelial cell
CL:0002079	oboInOwl:hasDbXref	FMA:63099	semapv:UnspecifiedMatching	pancreatic ductal cell	Pancreatic ductal cell
CL:0002079	oboInOwl:hasDbXref	ZFA:0009380	semapv:UnspecifiedMatching	pancreatic ductal cell	pancreatic ductal cell
CL:0002080	oboInOwl:hasDbXref	FMA:62455	semapv:UnspecifiedMatching	pancreatic centro-acinar cell	Pancreatic centro-acinar cell
CL:0002080	oboInOwl:hasDbXref	ZFA:0005740	semapv:UnspecifiedMatching	pancreatic centro-acinar cell	pancreatic centroacinar cell
CL:0002081	oboInOwl:hasDbXref	FMA:84187	semapv:UnspecifiedMatching	type II cell of carotid body	Type II of carotid body
CL:0002082	oboInOwl:hasDbXref	FMA:69322	semapv:UnspecifiedMatching	type II cell of adrenal medulla	Type II cell of adrenal medulla
CL:0002083	oboInOwl:hasDbXref	FMA:69321	semapv:UnspecifiedMatching	type I cell of adrenal medulla	Type I cell of adrenal medulla
CL:0002085	oboInOwl:hasDbXref	BTO:0001953	semapv:UnspecifiedMatching	tanycyte	tanycyte
CL:0002085	oboInOwl:hasDbXref	FMA:54560	semapv:UnspecifiedMatching	tanycyte	Tanycyte
CL:0002086	oboInOwl:hasDbXref	FMA:67968	semapv:UnspecifiedMatching	specialized cardiac myocyte	Specialized cardiac myocyte
CL:0002087	oboInOwl:hasDbXref	FMA:62855	semapv:UnspecifiedMatching	nongranular leukocyte	Nongranular leukocyte
CL:0002088	oboInOwl:hasDbXref	BTO:0003914	semapv:UnspecifiedMatching	interstitial cell of Cajal	interstitial cell of Cajal
CL:0002088	oboInOwl:hasDbXref	FMA:86573	semapv:UnspecifiedMatching	interstitial cell of Cajal	Interstitial cell of Cajal
CL:0002090	oboInOwl:hasDbXref	EHDAA2:0004716	semapv:UnspecifiedMatching	polar body	
CL:0002090	oboInOwl:hasDbXref	FMA:85543	semapv:UnspecifiedMatching	polar body	Polar body
CL:0002090	oboInOwl:hasDbXref	MESH:D059705	semapv:UnspecifiedMatching	polar body	
CL:0002090	oboInOwl:hasDbXref	WBbt:0008429	semapv:UnspecifiedMatching	polar body	polar body
CL:0002090	oboInOwl:hasDbXref	XAO:0000262	semapv:UnspecifiedMatching	polar body	polar body
CL:0002091	oboInOwl:hasDbXref	EHDAA2:0000541	semapv:UnspecifiedMatching	primary polar body	
CL:0002091	oboInOwl:hasDbXref	EMAPA:16032	semapv:UnspecifiedMatching	primary polar body	first polar body
CL:0002091	oboInOwl:hasDbXref	FMA:18650	semapv:UnspecifiedMatching	primary polar body	First polar body
CL:0002091	oboInOwl:hasDbXref	VHOG:0000464	semapv:UnspecifiedMatching	primary polar body	
CL:0002092	oboInOwl:hasDbXref	BTO:0004850	semapv:UnspecifiedMatching	bone marrow cell	bone marrow cell
CL:0002092	oboInOwl:hasDbXref	FMA:83621	semapv:UnspecifiedMatching	bone marrow cell	Bone marrow cell
CL:0002092	oboInOwl:hasDbXref	MESH:D001854	semapv:UnspecifiedMatching	bone marrow cell	
CL:0002093	oboInOwl:hasDbXref	EHDAA2:0001820	semapv:UnspecifiedMatching	secondary polar body	
CL:0002093	oboInOwl:hasDbXref	EMAPA:16034	semapv:UnspecifiedMatching	secondary polar body	second polar body
CL:0002093	oboInOwl:hasDbXref	EMAPA:16045	semapv:UnspecifiedMatching	secondary polar body	EMAPA_16045
CL:0002093	oboInOwl:hasDbXref	FMA:18651	semapv:UnspecifiedMatching	secondary polar body	Second polar body
CL:0002094	oboInOwl:hasDbXref	FMA:18709	semapv:UnspecifiedMatching	interstitial cell of ovary	Interstitial cell of ovary
CL:0002095	oboInOwl:hasDbXref	FMA:18710	semapv:UnspecifiedMatching	hilus cell of ovary	Hilus cell of ovary
CL:0002096	oboInOwl:hasDbXref	FMA:223275	semapv:UnspecifiedMatching	internodal tract myocyte	Internodal tract myocyte
CL:0002097	oboInOwl:hasDbXref	FMA:69545	semapv:UnspecifiedMatching	cortical cell of adrenal gland	Cortical cell of adrenal gland
CL:0002098	oboInOwl:hasDbXref	FMA:67967	semapv:UnspecifiedMatching	regular cardiac myocyte	Regular cardiac myocyte
CL:0002099	oboInOwl:hasDbXref	FMA:69273	semapv:UnspecifiedMatching	type I cell of adrenal cortex	Type I cell of adrenal cortex
CL:0002100	oboInOwl:hasDbXref	FMA:228792	semapv:UnspecifiedMatching	regular interventricular cardiac myocyte	Regular interventricular cardiac myocyte
CL:0002129	oboInOwl:hasDbXref	FMA:83108	semapv:UnspecifiedMatching	regular atrial cardiac myocyte	Regular atrial cardiac myocyte
CL:0002130	oboInOwl:hasDbXref	FMA:228790	semapv:UnspecifiedMatching	regular interatrial cardiac myocyte	Regular interatrial cardiac myocyte
CL:0002131	oboInOwl:hasDbXref	FMA:83109	semapv:UnspecifiedMatching	regular ventricular cardiac myocyte	Regular ventricular cardiac myocyte
CL:0002132	oboInOwl:hasDbXref	FMA:72299	semapv:UnspecifiedMatching	stromal cell of ovary	Stromal cell of ovary
CL:0002133	oboInOwl:hasDbXref	FMA:256169	semapv:UnspecifiedMatching	stromal cell of ovarian cortex	Stromal cell of ovarian cortex
CL:0002134	oboInOwl:hasDbXref	FMA:256171	semapv:UnspecifiedMatching	stromal cell of ovarian medulla	Stromal cell of ovarian medulla
CL:0002135	oboInOwl:hasDbXref	FMA:62880	semapv:UnspecifiedMatching	nonkeratinized cell of epidermis	Nonkeratinized cell of epidermis
CL:0002136	oboInOwl:hasDbXref	FMA:69547	semapv:UnspecifiedMatching	type II cell of adrenal cortex	Type II cell of adrenal cortex
CL:0002137	oboInOwl:hasDbXref	FMA:69564	semapv:UnspecifiedMatching	type III cell of adrenal cortex	Type III cell of adrenal cortex
CL:0002138	oboInOwl:hasDbXref	BTO:0004167	semapv:UnspecifiedMatching	endothelial cell of lymphatic vessel	lymphatic endothelial cell
CL:0002138	oboInOwl:hasDbXref	FMA:68458	semapv:UnspecifiedMatching	endothelial cell of lymphatic vessel	Endothelial cell of lymphatic vessel
CL:0002139	oboInOwl:hasDbXref	BTO:0001854	semapv:UnspecifiedMatching	endothelial cell of vascular tree	vascular endothelial cell
CL:0002139	oboInOwl:hasDbXref	FMA:67755	semapv:UnspecifiedMatching	endothelial cell of vascular tree	Cuboidal endothelial cell of vascular tree
CL:0002140	oboInOwl:hasDbXref	BTO:0004613	semapv:UnspecifiedMatching	acinar cell of sebaceous gland	sebocyte
CL:0002140	oboInOwl:hasDbXref	FMA:70953	semapv:UnspecifiedMatching	acinar cell of sebaceous gland	Acinar cell of sebaceous gland
CL:0002141	oboInOwl:hasDbXref	FMA:69082	semapv:UnspecifiedMatching	active chief cell of parathyroid gland	Active chief cell of parathyroid gland
CL:0002142	oboInOwl:hasDbXref	FMA:70659	semapv:UnspecifiedMatching	dark cell of eccrine sweat gland	Dark cell of eccrine sweat gland
CL:0002143	oboInOwl:hasDbXref	FMA:69080	semapv:UnspecifiedMatching	dark chief cell of parathyroid gland	Dark chief cell of parathyroid gland
CL:0002144	oboInOwl:hasDbXref	BTO:0004956	semapv:UnspecifiedMatching	capillary endothelial cell	capillary endothelial cell
CL:0002144	oboInOwl:hasDbXref	FMA:67756	semapv:UnspecifiedMatching	capillary endothelial cell	Capillary endothelial cell
CL:0002145	oboInOwl:hasDbXref	FMA:70542	semapv:UnspecifiedMatching	ciliated columnar cell of tracheobronchial tree	Ciliated columnar cell of tracheobronchial tree
CL:0002146	oboInOwl:hasDbXref	FMA:70658	semapv:UnspecifiedMatching	clear cell of eccrine sweat gland	Clear cell of eccrine sweat gland
CL:0002147	oboInOwl:hasDbXref	FMA:69081	semapv:UnspecifiedMatching	clear chief cell of parathyroid gland	Clear chief cell of parathyroid cell
CL:0002148	oboInOwl:hasDbXref	FMA:87170	semapv:UnspecifiedMatching	dental pulp cell	Dental pulp cell
CL:0002149	oboInOwl:hasDbXref	FMA:256161	semapv:UnspecifiedMatching	epithelial cell of uterus	Epithelial cell of uterus
CL:0002150	oboInOwl:hasDbXref	FMA:83514	semapv:UnspecifiedMatching	epithelioid macrophage	Epithelioid cell
CL:0002151	oboInOwl:hasDbXref	FMA:83534	semapv:UnspecifiedMatching	late promyelocyte	Late promyelocyte
CL:0002152	oboInOwl:hasDbXref	FMA:86486	semapv:UnspecifiedMatching	columnar cell of endocervix	Columnar cell of endocervix
CL:0002153	oboInOwl:hasDbXref	BTO:0001943	semapv:UnspecifiedMatching	corneocyte	corneocyte
CL:0002153	oboInOwl:hasDbXref	FMA:68650	semapv:UnspecifiedMatching	corneocyte	Corneocyte
CL:0002154	oboInOwl:hasDbXref	FMA:83533	semapv:UnspecifiedMatching	early promyelocyte	Early promyelocyte
CL:0002155	oboInOwl:hasDbXref	FMA:81099	semapv:UnspecifiedMatching	echinocyte	Echinocyte
CL:0002157	oboInOwl:hasDbXref	FMA:86495	semapv:UnspecifiedMatching	endosteal cell	Endosteal cell
CL:0002158	oboInOwl:hasDbXref	FMA:70558	semapv:UnspecifiedMatching	external epithelial cell of tympanic membrane	External epithelial cell of tympanic membrane
CL:0002159	oboInOwl:hasDbXref	FMA:70556	semapv:UnspecifiedMatching	general ecto-epithelial cell	General ecto-epithelial cell
CL:0002162	oboInOwl:hasDbXref	FMA:70626	semapv:UnspecifiedMatching	internal epithelial cell of tympanic membrane	Internal epithelial cell of tympanic membrane
CL:0002163	oboInOwl:hasDbXref	FMA:75726	semapv:UnspecifiedMatching	internal pillar cell of cochlea	Internal pillar cell of cochlea
CL:0002164	oboInOwl:hasDbXref	FMA:75727	semapv:UnspecifiedMatching	external pillar cell of cochlea	External pillar cell of cochlea
CL:0002165	oboInOwl:hasDbXref	FMA:79800	semapv:UnspecifiedMatching	phalangeal cell	Phalangeal cell of cochlea
CL:0002166	oboInOwl:hasDbXref	FMA:62987	semapv:UnspecifiedMatching	epithelial cell of Malassez	Epithelial cell of Malassez
CL:0002167	oboInOwl:hasDbXref	FMA:67870	semapv:UnspecifiedMatching	olfactory epithelial cell	Olfactory epithelial cell
CL:0002168	oboInOwl:hasDbXref	FMA:79798	semapv:UnspecifiedMatching	border cell of cochlea	Border cell of cochlea
CL:0002169	oboInOwl:hasDbXref	FMA:62303	semapv:UnspecifiedMatching	basal cell of olfactory epithelium	Basal cell of olfactory epithelium
CL:0002171	oboInOwl:hasDbXref	FMA:67874	semapv:UnspecifiedMatching	globose cell of olfactory epithelium	Globose cell of olfactory epithelium
CL:0002172	oboInOwl:hasDbXref	FMA:79797	semapv:UnspecifiedMatching	interdental cell of cochlea	Interdental cell of cochlea
CL:0002173	oboInOwl:hasDbXref	FMA:84143	semapv:UnspecifiedMatching	extraglomerular mesangial cell	Extraglomerular mesangial cell
CL:0002174	oboInOwl:hasDbXref	EMAPA:31247	semapv:UnspecifiedMatching	follicular cell of ovary	follicle cell of primordial follicle
CL:0002174	oboInOwl:hasDbXref	FMA:70589	semapv:UnspecifiedMatching	follicular cell of ovary	Follicular cell of ovary
CL:0002175	oboInOwl:hasDbXref	FMA:70590	semapv:UnspecifiedMatching	primary follicular cell of ovary	Primary follicular cell of ovary
CL:0002176	oboInOwl:hasDbXref	FMA:70591	semapv:UnspecifiedMatching	secondary follicular cell of ovary	Secondary follicular cell of ovary
CL:0002177	oboInOwl:hasDbXref	FMA:83102	semapv:UnspecifiedMatching	folliculostellate cell of pars distalis of adenohypophysis	Folliculostellate cell of pars distalis of adenohypophysis
CL:0002178	oboInOwl:hasDbXref	FMA:62948	semapv:UnspecifiedMatching	epithelial cell of stomach	Epithelial cell of stomach
CL:0002179	oboInOwl:hasDbXref	FMA:86552	semapv:UnspecifiedMatching	foveolar cell of stomach	Foveolar cell of stomach
CL:0002180	oboInOwl:hasDbXref	FMA:63464	semapv:UnspecifiedMatching	mucous cell of stomach	Mucous cell of stomach
CL:0002181	oboInOwl:hasDbXref	FMA:62954	semapv:UnspecifiedMatching	mucous neck cell of gastric gland	Mucous cell of gastric gland
CL:0002182	oboInOwl:hasDbXref	FMA:62949	semapv:UnspecifiedMatching	surface mucosal cell of stomach	Surface mucous cell of stomach
CL:0002183	oboInOwl:hasDbXref	FMA:62953	semapv:UnspecifiedMatching	stem cell of gastric gland	Stem cell of gastric gland
CL:0002184	oboInOwl:hasDbXref	FMA:62304	semapv:UnspecifiedMatching	basal proper cell of olfactory epithelium	Basal proper cell of olfactory epithelium
CL:0002187	oboInOwl:hasDbXref	FMA:70571	semapv:UnspecifiedMatching	basal cell of epidermis	Basal cell of epidermis
CL:0002188	oboInOwl:hasDbXref	BTO:0004632	semapv:UnspecifiedMatching	glomerular endothelial cell	glomerular endothelial cell
CL:0002188	oboInOwl:hasDbXref	FMA:70970	semapv:UnspecifiedMatching	glomerular endothelial cell	Glomerular endothelial cell
CL:0002189	oboInOwl:hasDbXref	FMA:70543	semapv:UnspecifiedMatching	granular cell of epidermis	Granular cell of epidermis
CL:0002190	oboInOwl:hasDbXref	FMA:86925	semapv:UnspecifiedMatching	squamous cell of epidermis	Squamous cell of epidermis
CL:0002191	oboInOwl:hasDbXref	FMA:83519	semapv:UnspecifiedMatching	granulocytopoietic cell	Granulocytopoietic cell
CL:0002192	oboInOwl:hasDbXref	FMA:83541	semapv:UnspecifiedMatching	metamyelocyte	Metamyelocyte
CL:0002193	oboInOwl:hasDbXref	BTO:0000734	semapv:UnspecifiedMatching	myelocyte	myelocyte
CL:0002193	oboInOwl:hasDbXref	FMA:83525	semapv:UnspecifiedMatching	myelocyte	Myelocyte
CL:0002194	oboInOwl:hasDbXref	FMA:83552	semapv:UnspecifiedMatching	monopoietic cell	Monopoietic cell
CL:0002195	oboInOwl:hasDbXref	FMA:86577	semapv:UnspecifiedMatching	hepatic stem cell	Hepatic stem cell
CL:0002196	oboInOwl:hasDbXref	BTO:0004270	semapv:UnspecifiedMatching	hepatic oval stem cell	adult liver stem cell
CL:0002196	oboInOwl:hasDbXref	FMA:86576	semapv:UnspecifiedMatching	hepatic oval stem cell	Hepatic oval stem cell
CL:0002198	oboInOwl:hasDbXref	FMA:67606	semapv:UnspecifiedMatching	oncocyte	Oncocyte
CL:0002198	oboInOwl:hasDbXref	MESH:D024862	semapv:UnspecifiedMatching	oncocyte	
CL:0002199	oboInOwl:hasDbXref	FMA:69084	semapv:UnspecifiedMatching	oxyphil cell of parathyroid gland	Oxyphil cell of parathyroid gland
CL:0002200	oboInOwl:hasDbXref	FMA:87169	semapv:UnspecifiedMatching	oxyphil cell of thyroid	Oxyphil cell of thyroid
CL:0002202	oboInOwl:hasDbXref	FMA:66816	semapv:UnspecifiedMatching	epithelial cell of tracheobronchial tree	Epithelial cell of tracheobronchial tree
CL:0002203	oboInOwl:hasDbXref	FMA:263222	semapv:UnspecifiedMatching	brush cell of epithelium proper of large intestine	Brush cell of epithelium proper of large intestine
CL:0002204	oboInOwl:hasDbXref	FMA:67978	semapv:UnspecifiedMatching	brush cell	Brush cell
CL:0002205	oboInOwl:hasDbXref	FMA:263220	semapv:UnspecifiedMatching	brush cell of lobular bronchiole	Brush cell of epithelium of lobular bronchiole
CL:0002206	oboInOwl:hasDbXref	FMA:263228	semapv:UnspecifiedMatching	brush cell of terminal bronchiole	Brush cell of epithelium of terminal bronchiole
CL:0002207	oboInOwl:hasDbXref	FMA:263224	semapv:UnspecifiedMatching	brush cell of trachea	Brush cell of epithelium of trachea
CL:0002208	oboInOwl:hasDbXref	FMA:263226	semapv:UnspecifiedMatching	brush cell of bronchus	Brush cell of epithelium of bronchus
CL:0002209	oboInOwl:hasDbXref	FMA:69060	semapv:UnspecifiedMatching	intermediate epitheliocyte	Intermediate epitheliocyte
CL:0002210	oboInOwl:hasDbXref	FMA:84448	semapv:UnspecifiedMatching	red muscle cell	Red muscle cell
CL:0002211	oboInOwl:hasDbXref	BTO:0001812	semapv:UnspecifiedMatching	type I muscle cell	slow twitch muscle fiber
CL:0002211	oboInOwl:hasDbXref	FMA:84413	semapv:UnspecifiedMatching	type I muscle cell	Type 1 muscle cell
CL:0002212	oboInOwl:hasDbXref	BTO:0001813	semapv:UnspecifiedMatching	type II muscle cell	fast twitch muscle fiber
CL:0002212	oboInOwl:hasDbXref	FMA:84414	semapv:UnspecifiedMatching	type II muscle cell	Type 2 muscle cell
CL:0002213	oboInOwl:hasDbXref	FMA:84449	semapv:UnspecifiedMatching	white muscle cell	White muscle cell
CL:0002214	oboInOwl:hasDbXref	BTO:0001813	semapv:UnspecifiedMatching	type IIa muscle cell	fast twitch muscle fiber
CL:0002214	oboInOwl:hasDbXref	FMA:84415	semapv:UnspecifiedMatching	type IIa muscle cell	Type 2A muscle fiber
CL:0002215	oboInOwl:hasDbXref	FMA:84416	semapv:UnspecifiedMatching	type IIb muscle cell	Type 2B muscle fiber
CL:0002216	oboInOwl:hasDbXref	FMA:84450	semapv:UnspecifiedMatching	intermediate muscle cell	Intermediate muscle cell
CL:0002217	oboInOwl:hasDbXref	BTO:0002366	semapv:UnspecifiedMatching	intermediate trophoblast cell	extravillous trophoblast
CL:0002217	oboInOwl:hasDbXref	FMA:86564	semapv:UnspecifiedMatching	intermediate trophoblast cell	Intermediate trophoblast cell
CL:0002220	oboInOwl:hasDbXref	FMA:86575	semapv:UnspecifiedMatching	interstitial cell of pineal gland	Interstitial cell of pineal gland
CL:0002221	oboInOwl:hasDbXref	FMA:86549	semapv:UnspecifiedMatching	keratinized squamous cell of esophagus	Keratinized squamous cell of esophagus
CL:0002222	oboInOwl:hasDbXref	FMA:70950	semapv:UnspecifiedMatching	vertebrate lens cell	Lens cell
CL:0002223	oboInOwl:hasDbXref	FMA:63181	semapv:UnspecifiedMatching	anterior lens cell	Anterior lens cell
CL:0002224	oboInOwl:hasDbXref	FMA:67559	semapv:UnspecifiedMatching	lens epithelial cell	Lens epithelial cell
CL:0002226	oboInOwl:hasDbXref	FMA:67561	semapv:UnspecifiedMatching	non-nucleated secondary lens fiber	Non-nucleated lens fiber
CL:0002227	oboInOwl:hasDbXref	FMA:70949	semapv:UnspecifiedMatching	nucleated secondary lens fiber	Nucleated secondary lens fiber
CL:0002228	oboInOwl:hasDbXref	FMA:70613	semapv:UnspecifiedMatching	primary lens fiber	Primary lens fiber
CL:0002229	oboInOwl:hasDbXref	FMA:69079	semapv:UnspecifiedMatching	light chief cell of parathyroid gland	Light chief cell of parathyroid gland
CL:0002231	oboInOwl:hasDbXref	FMA:256163	semapv:UnspecifiedMatching	epithelial cell of prostate	Epithelial cell of prostate
CL:0002231	oboInOwl:hasDbXref	FMA:66817	semapv:UnspecifiedMatching	epithelial cell of prostate	Epithelial cell of prostatic gland
CL:0002232	oboInOwl:hasDbXref	FMA:74224	semapv:UnspecifiedMatching	epithelial cell of prostatic duct	Epithelial cell of prostatic duct
CL:0002233	oboInOwl:hasDbXref	FMA:74223	semapv:UnspecifiedMatching	epithelial cell of prostatic acinus	Epithelial cell of prostatic acinus
CL:0002234	oboInOwl:hasDbXref	FMA:74265	semapv:UnspecifiedMatching	basal cell of prostatic acinus	Basal cell of prostatic acinus
CL:0002235	oboInOwl:hasDbXref	FMA:74266	semapv:UnspecifiedMatching	luminal cell of prostatic acinus	Luminal cell of prostatic acinus
CL:0002236	oboInOwl:hasDbXref	FMA:74226	semapv:UnspecifiedMatching	basal epithelial cell of prostatic duct	Basal cell of prostatic duct
CL:0002237	oboInOwl:hasDbXref	FMA:74225	semapv:UnspecifiedMatching	luminal epithelial cell of prostatic duct	Luminal cell of prostatic duct
CL:0002238	oboInOwl:hasDbXref	EHDAA2:0001053	semapv:UnspecifiedMatching	male gonocyte	
CL:0002238	oboInOwl:hasDbXref	EMAPA:18686	semapv:UnspecifiedMatching	male gonocyte	EMAPA_18686
CL:0002238	oboInOwl:hasDbXref	FMA:84771	semapv:UnspecifiedMatching	male gonocyte	Male gonocyte
CL:0002238	oboInOwl:hasDbXref	VHOG:0000662	semapv:UnspecifiedMatching	male gonocyte	
CL:0002239	oboInOwl:hasDbXref	EHDAA2:0000505	semapv:UnspecifiedMatching	ooblast	
CL:0002239	oboInOwl:hasDbXref	EMAPA:17965	semapv:UnspecifiedMatching	ooblast	germ cell of ovary
CL:0002239	oboInOwl:hasDbXref	FMA:84772	semapv:UnspecifiedMatching	ooblast	Ooblast
CL:0002239	oboInOwl:hasDbXref	ISBN:0721662544	semapv:UnspecifiedMatching	ooblast	
CL:0002239	oboInOwl:hasDbXref	VHOG:0000661	semapv:UnspecifiedMatching	ooblast	
CL:0002240	oboInOwl:hasDbXref	FMA:84377	semapv:UnspecifiedMatching	marrow fibroblast	Marrow fibroblast
CL:0002241	oboInOwl:hasDbXref	FMA:84467	semapv:UnspecifiedMatching	pulmonary interstitial fibroblast	Pulmonary interstitial fibroblast
CL:0002242	oboInOwl:hasDbXref	FMA:67513	semapv:UnspecifiedMatching	nucleate cell	Nucleated cell
CL:0002243	oboInOwl:hasDbXref	FMA:70611	semapv:UnspecifiedMatching	smooth muscle cell of sphincter of pupil	Smooth muscle fiber of sphincter of pupil
CL:0002244	oboInOwl:hasDbXref	FMA:86483	semapv:UnspecifiedMatching	squamous cell of ectocervix	Squamous cell of ectocervix
CL:0002245	oboInOwl:hasDbXref	FMA:83601	semapv:UnspecifiedMatching	obsolete null lymphocyte	Null lymphocyte
CL:0002246	oboInOwl:hasDbXref	BTO:0002669	semapv:UnspecifiedMatching	peripheral blood stem cell	peripheral blood stem cell
CL:0002246	oboInOwl:hasDbXref	FMA:86711	semapv:UnspecifiedMatching	peripheral blood stem cell	Peripheral blood stem cell
CL:0002246	oboInOwl:hasDbXref	MESH:D000072916	semapv:UnspecifiedMatching	peripheral blood stem cell	
CL:0002247	oboInOwl:hasDbXref	FMA:83024	semapv:UnspecifiedMatching	pleural macrophage	Pleural macrophage
CL:0002248	oboInOwl:hasDbXref	FMA:70570	semapv:UnspecifiedMatching	pluripotent stem cell	Pluripotent stem cell
CL:0002248	oboInOwl:hasDbXref	MESH:D039904	semapv:UnspecifiedMatching	pluripotent stem cell	
CL:0002249	oboInOwl:hasDbXref	FMA:75620	semapv:UnspecifiedMatching	primitive cardiac myocyte	Primitive cardiac myocyte
CL:0002250	oboInOwl:hasDbXref	FMA:63379	semapv:UnspecifiedMatching	intestinal crypt stem cell	Stem cell of intestinal crypt of Lieberkuhn
CL:0002252	oboInOwl:hasDbXref	FMA:63071	semapv:UnspecifiedMatching	epithelial cell of esophagus	Epithelial cell of esophagus
CL:0002252	oboInOwl:hasDbXref	ZFA:0009400	semapv:UnspecifiedMatching	epithelial cell of esophagus	epithelial cell of esophagus
CL:0002253	oboInOwl:hasDbXref	BTO:0004297	semapv:UnspecifiedMatching	epithelial cell of large intestine	colonic epithelial cell
CL:0002253	oboInOwl:hasDbXref	FMA:256157	semapv:UnspecifiedMatching	epithelial cell of large intestine	Epithelial cell of large intestine
CL:0002254	oboInOwl:hasDbXref	FMA:256159	semapv:UnspecifiedMatching	epithelial cell of small intestine	Epithelial cell of small intestine
CL:0002255	oboInOwl:hasDbXref	FMA:86490	semapv:UnspecifiedMatching	stromal cell of endometrium	Stromal cell of endometrium
CL:0002256	oboInOwl:hasDbXref	FMA:84188	semapv:UnspecifiedMatching	supporting cell of carotid body	Supporting cell of carotid body
CL:0002257	oboInOwl:hasDbXref	FMA:256167	semapv:UnspecifiedMatching	epithelial cell of thyroid gland	Epithelial cell of thyroid gland
CL:0002257	oboInOwl:hasDbXref	MESH:D000072637	semapv:UnspecifiedMatching	epithelial cell of thyroid gland	
CL:0002258	oboInOwl:hasDbXref	BTO:0003736	semapv:UnspecifiedMatching	thyroid follicular cell	thyroid epithelial cell
CL:0002258	oboInOwl:hasDbXref	FMA:68782	semapv:UnspecifiedMatching	thyroid follicular cell	Thyroid follicular cell
CL:0002259	oboInOwl:hasDbXref	FMA:87171	semapv:UnspecifiedMatching	neuroepithelial stem cell	Totipotent neuroepithelial stem cell
CL:0002260	oboInOwl:hasDbXref	FMA:70547	semapv:UnspecifiedMatching	epithelial cell of parathyroid gland	Epithelial cell of parathyroid gland
CL:0002261	oboInOwl:hasDbXref	FMA:70627	semapv:UnspecifiedMatching	endothelial cell of viscerocranial mucosa	Endo-epithelial cell of viscerocranial mucosa
CL:0002262	oboInOwl:hasDbXref	FMA:63134	semapv:UnspecifiedMatching	endothelial cell of sinusoid	Endothelial cell of sinusoid
CL:0002263	oboInOwl:hasDbXref	FMA:69324	semapv:UnspecifiedMatching	transitional cell of parathyroid gland	Transitional cell of parathyroid gland
CL:0002264	oboInOwl:hasDbXref	FMA:83411	semapv:UnspecifiedMatching	type A cell of stomach	Type A cell of stomach
CL:0002265	oboInOwl:hasDbXref	FMA_2:268744	semapv:UnspecifiedMatching	type D cell of colon	
CL:0002266	oboInOwl:hasDbXref	FMA_2:268736	semapv:UnspecifiedMatching	type D cell of small intestine	
CL:0002267	oboInOwl:hasDbXref	FMA:83410	semapv:UnspecifiedMatching	type D cell of stomach	Type D cell of stomach
CL:0002268	oboInOwl:hasDbXref	FMA:63418	semapv:UnspecifiedMatching	P/D1 enteroendocrine cell	Type P enteroendocrine cell
CL:0002270	oboInOwl:hasDbXref	FMA:62941	semapv:UnspecifiedMatching	type EC2 enteroendocrine cell	Type EC2 enteroendocrine cell
CL:0002271	oboInOwl:hasDbXref	FMA:62940	semapv:UnspecifiedMatching	type EC1 enteroendocrine cell	Type EC1 enteroendocrine cell
CL:0002273	oboInOwl:hasDbXref	FMA:63208	semapv:UnspecifiedMatching	type ECL enteroendocrine cell	Type ECL enteroendocrine cell
CL:0002275	oboInOwl:hasDbXref	BTO:0000805	semapv:UnspecifiedMatching	pancreatic PP cell	pancreatic PP cell
CL:0002275	oboInOwl:hasDbXref	FMA:70588	semapv:UnspecifiedMatching	pancreatic PP cell	Type F cell of pancreatic islet
CL:0002275	oboInOwl:hasDbXref	MESH:D050418	semapv:UnspecifiedMatching	pancreatic PP cell	
CL:0002275	oboInOwl:hasDbXref	ZFA:0005742	semapv:UnspecifiedMatching	pancreatic PP cell	pancreatic PP cell
CL:0002276	oboInOwl:hasDbXref	FMA:85400	semapv:UnspecifiedMatching	obsolete PP cell of pancreatic acinus	Type F cell of pancreatic acinus
CL:0002277	oboInOwl:hasDbXref	FMA:62937	semapv:UnspecifiedMatching	type I enteroendocrine cell	Type I enteroendocrine cell
CL:0002278	oboInOwl:hasDbXref	FMA:62942	semapv:UnspecifiedMatching	GIP cell	Type K enteroendocrine cell
CL:0002279	oboInOwl:hasDbXref	FMA:62944	semapv:UnspecifiedMatching	type L enteroendocrine cell	Type L enteroendocrine cell
CL:0002280	oboInOwl:hasDbXref	FMA:62943	semapv:UnspecifiedMatching	type N enteroendocrine cell	Type N enteroendocrine cell
CL:0002281	oboInOwl:hasDbXref	FMA:62936	semapv:UnspecifiedMatching	type S enteroendocrine cell	Type S enteroendocrine cell
CL:0002282	oboInOwl:hasDbXref	FMA:63421	semapv:UnspecifiedMatching	type TG enteroendocrine cell	Type TG enteroendocrine cell
CL:0002283	oboInOwl:hasDbXref	FMA:70581	semapv:UnspecifiedMatching	ecto-epithelial cell of viscerocranial mucosa	Ecto-epithelial cell of viscerocranial mucosa
CL:0002284	oboInOwl:hasDbXref	FMA:63209	semapv:UnspecifiedMatching	type X enteroendocrine cell	Type X enteroendocrine cell
CL:0002285	oboInOwl:hasDbXref	FMA:67940	semapv:UnspecifiedMatching	type III taste bud cell	Type III taste bud cell
CL:0002286	oboInOwl:hasDbXref	FMA:62381	semapv:UnspecifiedMatching	type II taste cell	Type II taste bud cell
CL:0002287	oboInOwl:hasDbXref	FMA:62380	semapv:UnspecifiedMatching	type IV taste receptor cell	Type IV taste bud cell
CL:0002288	oboInOwl:hasDbXref	FMA:67941	semapv:UnspecifiedMatching	type V taste receptor cell	Type V taste bud cell
CL:0002289	oboInOwl:hasDbXref	FMA:62356	semapv:UnspecifiedMatching	type I taste bud cell	Type I taste bud cell
CL:0002290	oboInOwl:hasDbXref	FMA:84058	semapv:UnspecifiedMatching	Y chromosome-bearing sperm cell	Y chromosome-bearing sperm cell
CL:0002291	oboInOwl:hasDbXref	FMA:84057	semapv:UnspecifiedMatching	X chromosome-bearing sperm cell	X chromosome-bearing sperm cell
CL:0002292	oboInOwl:hasDbXref	FMA:84186	semapv:UnspecifiedMatching	type I cell of carotid body	Type I cell of carotid body
CL:0002293	oboInOwl:hasDbXref	FMA:72208	semapv:UnspecifiedMatching	epithelial cell of thymus	Epithelial cell of thymus
CL:0002294	oboInOwl:hasDbXref	FMA:72209	semapv:UnspecifiedMatching	type-1 epithelial cell of thymus	Type-1 epithelial cell of thymus
CL:0002295	oboInOwl:hasDbXref	FMA:72214	semapv:UnspecifiedMatching	type-6 epithelial cell of thymus	Type-6 epithelial cell of thymus
CL:0002296	oboInOwl:hasDbXref	FMA:72212	semapv:UnspecifiedMatching	type-4 epithelial cell of thymus	Type-4 epithelial cell of thymus
CL:0002297	oboInOwl:hasDbXref	FMA:72211	semapv:UnspecifiedMatching	type-3 epithelial cell of thymus	Type-3 epithelial cell of thymus
CL:0002298	oboInOwl:hasDbXref	FMA:72213	semapv:UnspecifiedMatching	type-5 epithelial cell of thymus	Type-5 epithelial cell of thymus
CL:0002299	oboInOwl:hasDbXref	FMA:72210	semapv:UnspecifiedMatching	type-2 epithelial cell of thymus	Type-2 epithelial cell of thymus
CL:0002301	oboInOwl:hasDbXref	BTO:0003652	semapv:UnspecifiedMatching	type B synovial cell	synovial cell
CL:0002301	oboInOwl:hasDbXref	FMA:66788	semapv:UnspecifiedMatching	type B synovial cell	Type B synoviocyte
CL:0002302	oboInOwl:hasDbXref	FMA:66787	semapv:UnspecifiedMatching	type A synovial cell	Type A synoviocyte
CL:0002303	oboInOwl:hasDbXref	FMA:70606	semapv:UnspecifiedMatching	pigmented ciliary epithelial cell	Pigmented ciliary epithelial cell
CL:0002304	oboInOwl:hasDbXref	FMA:70607	semapv:UnspecifiedMatching	non-pigmented ciliary epithelial cell	Non-pigmented ciliary epithelial cell
CL:0002305	oboInOwl:hasDbXref	FMA:70981	semapv:UnspecifiedMatching	epithelial cell of distal tubule	Epithelial cell of distal tubule
CL:0002306	oboInOwl:hasDbXref	FMA:70973	semapv:UnspecifiedMatching	epithelial cell of proximal tubule	Epithelial cell of proximal tubule
CL:0002308	oboInOwl:hasDbXref	FMA:70657	semapv:UnspecifiedMatching	epithelial cell of skin gland	Epithelial cell of gland of skin
CL:0002309	oboInOwl:hasDbXref	BTO:0002509	semapv:UnspecifiedMatching	corticotroph	corticotropic cell
CL:0002309	oboInOwl:hasDbXref	FMA:83098	semapv:UnspecifiedMatching	corticotroph	Corticotroph
CL:0002309	oboInOwl:hasDbXref	MESH:D052680	semapv:UnspecifiedMatching	corticotroph	
CL:0002310	oboInOwl:hasDbXref	FMA:83097	semapv:UnspecifiedMatching	mammosomatotroph	Mammosomatotroph
CL:0002311	oboInOwl:hasDbXref	FMA:83096	semapv:UnspecifiedMatching	mammotroph	Mammotroph
CL:0002312	oboInOwl:hasDbXref	FMA:83095	semapv:UnspecifiedMatching	somatotroph	Somatotroph
CL:0002312	oboInOwl:hasDbXref	MESH:D052683	semapv:UnspecifiedMatching	somatotroph	
CL:0002313	oboInOwl:hasDbXref	FMA:74390	semapv:UnspecifiedMatching	endocrine-paracrine cell of prostate gland	Endocrine-paracrine cell of prostatic gland
CL:0002313	oboInOwl:hasDbXref	FMA:86774	semapv:UnspecifiedMatching	endocrine-paracrine cell of prostate gland	Glandular cell of prostate
CL:0002314	oboInOwl:hasDbXref	FMA:75809	semapv:UnspecifiedMatching	external supporting cell of vestibular epithelium	External supporting cell of vestibular epithelium
CL:0002315	oboInOwl:hasDbXref	FMA:79796	semapv:UnspecifiedMatching	supporting cell of cochlea	Supporting cell of cochlea
CL:0002316	oboInOwl:hasDbXref	FMA:75607	semapv:UnspecifiedMatching	supporting cell of vestibular epithelium	Supporting cell of vestibular epithelium
CL:0002317	oboInOwl:hasDbXref	FMA:75808	semapv:UnspecifiedMatching	external limiting cell of vestibular epithelium	External limiting cell of vestibular epithelium
CL:0002318	oboInOwl:hasDbXref	FMA:86712	semapv:UnspecifiedMatching	peripheral blood mesothelial cell	Peripheral blood mesothelial cell
CL:0002319	oboInOwl:hasDbXref	FMA:70333	semapv:UnspecifiedMatching	neural cell	Neural cell
CL:0002320	oboInOwl:hasDbXref	FMA:63875	semapv:UnspecifiedMatching	connective tissue cell	Connective tissue cell
CL:0002320	oboInOwl:hasDbXref	MESH:D003239	semapv:UnspecifiedMatching	connective tissue cell	
CL:0002320	oboInOwl:hasDbXref	ZFA:0009392	semapv:UnspecifiedMatching	connective tissue cell	connective tissue cell
CL:0002321	oboInOwl:hasDbXref	FMA:82840	semapv:UnspecifiedMatching	embryonic cell (metazoa)	Embryonic cell
CL:0002321	oboInOwl:hasDbXref	WBbt:0007028	semapv:UnspecifiedMatching	embryonic cell (metazoa)	embryonic cell
CL:0002321	oboInOwl:hasDbXref	ZFA:0007089	semapv:UnspecifiedMatching	embryonic cell (metazoa)	embryonic cell
CL:0002322	oboInOwl:hasDbXref	BTO:0001086	semapv:UnspecifiedMatching	embryonic stem cell	embryonic stem cell
CL:0002322	oboInOwl:hasDbXref	FMA:82841	semapv:UnspecifiedMatching	embryonic stem cell	Embryonic stem cell
CL:0002322	oboInOwl:hasDbXref	MESH:D053595	semapv:UnspecifiedMatching	embryonic stem cell	
CL:0002323	oboInOwl:hasDbXref	BTO:0000066	semapv:UnspecifiedMatching	amniocyte	amniocyte
CL:0002324	oboInOwl:hasDbXref	FMA:67800	semapv:UnspecifiedMatching	basal-myoepithelial cell of mammary gland	Myoepithelial cell of lactiferous gland
CL:0002325	oboInOwl:hasDbXref	FMA:74506	semapv:UnspecifiedMatching	lactocyte	Luminal cell of alveolus of lactiferous gland
CL:0002325	oboInOwl:hasDbXref	FMA:79866	semapv:UnspecifiedMatching	lactocyte	Epithelial cell of lactiferous gland
CL:0002326	oboInOwl:hasDbXref	FMA:73280	semapv:UnspecifiedMatching	luminal epithelial cell of mammary gland	Luminal cell of lactiferous gland
CL:0002327	oboInOwl:hasDbXref	BTO:0004300	semapv:UnspecifiedMatching	mammary gland epithelial cell	mammary epithelial cell
CL:0002328	oboInOwl:hasDbXref	BTO:0002922	semapv:UnspecifiedMatching	bronchial epithelial cell	bronchial epithelial cell
CL:0002334	oboInOwl:hasDbXref	BTO:0001107	semapv:UnspecifiedMatching	preadipocyte	preadipocyte
CL:0002350	oboInOwl:hasDbXref	FMA:75621	semapv:UnspecifiedMatching	endocardial cell	Endocardial cell
CL:0002364	oboInOwl:hasDbXref	BTO:0004562	semapv:UnspecifiedMatching	cortical thymic epithelial cell	thymic cortical epithelial cell
CL:0002365	oboInOwl:hasDbXref	BTO:0004563	semapv:UnspecifiedMatching	medullary thymic epithelial cell	thymic medullary epithelial cell
CL:0002366	oboInOwl:hasDbXref	BTO:0004519	semapv:UnspecifiedMatching	myometrial cell	myometrial cell
CL:0002368	oboInOwl:hasDbXref	BTO:0004533	semapv:UnspecifiedMatching	respiratory epithelial cell	respiratory epithelium cell
CL:0002369	oboInOwl:hasDbXref	MESH:D013172	semapv:UnspecifiedMatching	fungal spore	
CL:0002371	oboInOwl:hasDbXref	BTO:0001268	semapv:UnspecifiedMatching	obsolete somatic cell	somatic cell
CL:0002371	oboInOwl:hasDbXref	FMA:72300	semapv:UnspecifiedMatching	obsolete somatic cell	Somatic cell
CL:0002371	oboInOwl:hasDbXref	WBbt:0008378	semapv:UnspecifiedMatching	obsolete somatic cell	somatic cell
CL:0002372	oboInOwl:hasDbXref	FBbt:00005812	semapv:UnspecifiedMatching	myotube	myotube
CL:0002377	oboInOwl:hasDbXref	ZFA:0001725	semapv:UnspecifiedMatching	immature Schwann cell	immature Schwann cell
CL:0002379	oboInOwl:hasDbXref	FMA:86588	semapv:UnspecifiedMatching	meningothelial cell	Meningothelial cell
CL:0002380	oboInOwl:hasDbXref	FAO:0000039	semapv:UnspecifiedMatching	oospore	oospore
CL:0002381	oboInOwl:hasDbXref	FAO:0000025	semapv:UnspecifiedMatching	uninucleate conidium	mononucleate conidium
CL:0002382	oboInOwl:hasDbXref	FAO:0000033	semapv:UnspecifiedMatching	multinucleate conidium	multinucleate conidium
CL:0002383	oboInOwl:hasDbXref	FAO:0000033	semapv:UnspecifiedMatching	conidium of conidiophore head	multinucleate conidium
CL:0002384	oboInOwl:hasDbXref	FAO:0000029	semapv:UnspecifiedMatching	uninucleate macroconidium	mononucleate macroconidium
CL:0002385	oboInOwl:hasDbXref	BTO:0000127	semapv:UnspecifiedMatching	blastoconidium	blastospore
CL:0002385	oboInOwl:hasDbXref	FAO:0000042	semapv:UnspecifiedMatching	blastoconidium	blastoconidium
CL:0002386	oboInOwl:hasDbXref	FAO:0000035	semapv:UnspecifiedMatching	multinucleate macroconidium	multinucleate macroconidium
CL:0002387	oboInOwl:hasDbXref	FAO:0000041	semapv:UnspecifiedMatching	arthroconidium	arthroconidium
CL:0002388	oboInOwl:hasDbXref	FAO:0000037	semapv:UnspecifiedMatching	multinucleate arthroconidium	multinucleate arthroconidium
CL:0002389	oboInOwl:hasDbXref	FAO:0000031	semapv:UnspecifiedMatching	uninucleate arthroconidium	mononucleate arthroconidium
CL:0002390	oboInOwl:hasDbXref	FAO:0000030	semapv:UnspecifiedMatching	uninucleate blastconidium	mononucleate blastoconidium
CL:0002391	oboInOwl:hasDbXref	FAO:0000036	semapv:UnspecifiedMatching	multinucleate blastoconidium	multinucleate blastoconidium
CL:0002410	oboInOwl:hasDbXref	MESH:D058954	semapv:UnspecifiedMatching	pancreatic stellate cell	
CL:0002418	oboInOwl:hasDbXref	MESH:D055018	semapv:UnspecifiedMatching	hemangioblast	
CL:0002420	oboInOwl:hasDbXref	BTO:0001372	semapv:UnspecifiedMatching	immature T cell	thymocyte
CL:0002422	oboInOwl:hasDbXref	FMA:66785	semapv:UnspecifiedMatching	enucleated reticulocyte	Reticulocyte
CL:0002450	oboInOwl:hasDbXref	ZFA:0005565	semapv:UnspecifiedMatching	tether cell	tether cell
CL:0002453	oboInOwl:hasDbXref	MESH:D000073637	semapv:UnspecifiedMatching	oligodendrocyte precursor cell	
CL:0002476	oboInOwl:hasDbXref	BTO:0004732	semapv:UnspecifiedMatching	bone marrow macrophage	bone marrow-derived macrophage
CL:0002480	oboInOwl:hasDbXref	MP:0002262	semapv:UnspecifiedMatching	nasal mucosa goblet cell	abnormal nasal mucosa goblet cell morphology
CL:0002494	oboInOwl:hasDbXref	BTO:0001539	semapv:UnspecifiedMatching	cardiocyte	parenchyma
CL:0002494	oboInOwl:hasDbXref	FMA:83808	semapv:UnspecifiedMatching	cardiocyte	Cardiocyte
CL:0002494	oboInOwl:hasDbXref	FMA:84791	semapv:UnspecifiedMatching	cardiocyte	Heart cell
CL:0002496	oboInOwl:hasDbXref	MESH:D000075942	semapv:UnspecifiedMatching	intraepithelial lymphocyte	
CL:0002497	oboInOwl:hasDbXref	EMAPA:16066	semapv:UnspecifiedMatching	primary trophoblast giant cell	primary trophoblast giant cell
CL:0002501	oboInOwl:hasDbXref	FMA:63207	semapv:UnspecifiedMatching	type D1 enteroendocrine cell	Type D1 enteroendocrine cell
CL:0002502	oboInOwl:hasDbXref	FMA:63420	semapv:UnspecifiedMatching	type M enteroendocrine cell	Type Mo enteroendocrine cell
CL:0002503	oboInOwl:hasDbXref	BTO:0002441	semapv:UnspecifiedMatching	adventitial cell	pericyte
CL:0002503	oboInOwl:hasDbXref	FMA:84639	semapv:UnspecifiedMatching	adventitial cell	Adventitial cell
CL:0002518	oboInOwl:hasDbXref	ZFA:0009374	semapv:UnspecifiedMatching	kidney epithelial cell	kidney epithelial cell
CL:0002520	oboInOwl:hasDbXref	BTO:0004597	semapv:UnspecifiedMatching	nephrocyte	nephrocyte
CL:0002538	oboInOwl:hasDbXref	ZFA:0009379	semapv:UnspecifiedMatching	intrahepatic cholangiocyte	intrahepatic bile duct epithelial cell
CL:0002539	oboInOwl:hasDbXref	BTO:0004577	semapv:UnspecifiedMatching	aortic smooth muscle cell	aortic smooth muscle cell
CL:0002543	oboInOwl:hasDbXref	FMA:62104	semapv:UnspecifiedMatching	vein endothelial cell	Endothelial cell of vein
CL:0002544	oboInOwl:hasDbXref	BTO:0003245	semapv:UnspecifiedMatching	aortic endothelial cell	aortic endothelial cell
CL:0002546	oboInOwl:hasDbXref	ZFA:0005773	semapv:UnspecifiedMatching	embryonic blood vessel endothelial progenitor cell	embryonic blood vessel endothelial progenitor cell
CL:0002553	oboInOwl:hasDbXref	BTO:0000764	semapv:UnspecifiedMatching	fibroblast of lung	lung fibroblast
CL:0002563	oboInOwl:hasDbXref	ZFA:0009399	semapv:UnspecifiedMatching	intestinal epithelial cell	intestinal epithelial cell
CL:0002573	oboInOwl:hasDbXref	BTO:0001220	semapv:UnspecifiedMatching	Schwann cell	Schwann cell
CL:0002573	oboInOwl:hasDbXref	MESH:D012583	semapv:UnspecifiedMatching	Schwann cell	
CL:0002586	oboInOwl:hasDbXref	BTO:0004910	semapv:UnspecifiedMatching	retinal pigment epithelial cell	retinal pigment epithelium cell
CL:0002586	oboInOwl:hasDbXref	FMA:75802	semapv:UnspecifiedMatching	retinal pigment epithelial cell	Retinal pigment epithelial cell
CL:0002591	oboInOwl:hasDbXref	BTO:0003336	semapv:UnspecifiedMatching	smooth muscle cell of the pulmonary artery	pulmonary artery smooth muscle cell
CL:0002598	oboInOwl:hasDbXref	BTO:0004402	semapv:UnspecifiedMatching	bronchial smooth muscle cell	bronchial smooth muscle cell
CL:0002609	oboInOwl:hasDbXref	BTO:0004102	semapv:UnspecifiedMatching	obsolete neuron of cerebral cortex	cerebral cortical neuron
CL:0002609	oboInOwl:hasDbXref	FMA:84104	semapv:UnspecifiedMatching	obsolete neuron of cerebral cortex	Neuron of cerebral cortex
CL:0002618	oboInOwl:hasDbXref	BTO:0004296	semapv:UnspecifiedMatching	endothelial cell of umbilical vein	umbilical vein endothelial cell
CL:0002620	oboInOwl:hasDbXref	BTO:0001255	semapv:UnspecifiedMatching	skin fibroblast	skin fibroblast
CL:0002622	oboInOwl:hasDbXref	BTO:0003972	semapv:UnspecifiedMatching	prostate stromal cell	prostate gland stromal cell
CL:0002635	oboInOwl:hasDbXref	FMA:263146	semapv:UnspecifiedMatching	nonkeratinized epithelial cell of anal column	Nonkeratinized cell of epithelium of anal column
CL:0002636	oboInOwl:hasDbXref	FMA:263144	semapv:UnspecifiedMatching	nonkeratinized epithelial cell of inferior part of anal canal	Nonkeratinized cell of epithelium of inferior part of anal canal
CL:0002641	oboInOwl:hasDbXref	FMA:256141	semapv:UnspecifiedMatching	epithelial cell of esophageal gland proper	Epithelial cell of esophageal gland proper
CL:0002642	oboInOwl:hasDbXref	FMA:256143	semapv:UnspecifiedMatching	epithelial cell of esophageal cardiac gland	Epithelial cell of esophageal cardiac gland
CL:0002643	oboInOwl:hasDbXref	FMA:263148	semapv:UnspecifiedMatching	nonkeratinized cell of stratum corneum of esophageal epithelium	Nonkeratinized cell of stratum corneum of esophageal epithelium
CL:0002644	oboInOwl:hasDbXref	FMA:70628	semapv:UnspecifiedMatching	endo-epithelial cell of tympanic part of viscerocranial mucosa	Endo-epithelial cell of tympanic part of viscerocranial mucosa
CL:0002645	oboInOwl:hasDbXref	FMA:70629	semapv:UnspecifiedMatching	endo-epithelial cell of pharyngotympanic part of viscerocranial mucosa	Endo-epithelial cell of pharyngotympanic part of viscerocranial mucosa
CL:0002646	oboInOwl:hasDbXref	FMA:70577	semapv:UnspecifiedMatching	obsolete epithelial cell of buccal part of viscerocranial mucosa	Epithelial cell of buccal part of viscerocranial mucosa
CL:0002647	oboInOwl:hasDbXref	FMA:70580	semapv:UnspecifiedMatching	obsolete epithelial cell of anterior palatal part of viscerocranial mucosa	Epithelial cell of anterior palatal part of viscerocranial mucosa
CL:0002648	oboInOwl:hasDbXref	FMA:70554	semapv:UnspecifiedMatching	obsolete epithelial cell of nasal part of viscerocranial mucosa	Epithelial cell of nasal part of viscerocranial mucosa
CL:0002649	oboInOwl:hasDbXref	FMA:70579	semapv:UnspecifiedMatching	obsolete epithelial cell of gingival part of viscerocranial mucosa	Epithelial cell of gingival part of viscerocranial mucosa
CL:0002650	oboInOwl:hasDbXref	FMA:70578	semapv:UnspecifiedMatching	obsolete epithelial cell of paranasal sinus part of viscerocranial mucosa	Epithelial cell of paranasal sinus part of viscerocranial mucosa
CL:0002651	oboInOwl:hasDbXref	FMA:72140	semapv:UnspecifiedMatching	endothelial cell of venous sinus of spleen	Endothelial cell of venous sinusoid of spleen
CL:0002652	oboInOwl:hasDbXref	FMA:67759	semapv:UnspecifiedMatching	endothelial cell of high endothelial venule	Endothelial cell of postcapillary venule of lymph node
CL:0002654	oboInOwl:hasDbXref	FMA:70733	semapv:UnspecifiedMatching	epithelial cell of stratum corneum of esophageal epithelium	Epithelial cell of stratum corneum of esophagus
CL:0002655	oboInOwl:hasDbXref	FMA:70732	semapv:UnspecifiedMatching	epithelial cell of stratum spinosum of esophageal epithelium	Epithelial cell of stratum spinosum of esophagus
CL:0002656	oboInOwl:hasDbXref	FMA:86489	semapv:UnspecifiedMatching	glandular cell of endometrium	Glandular cell of endometrium
CL:0002657	oboInOwl:hasDbXref	FMA:86548	semapv:UnspecifiedMatching	glandular cell of esophagus	Glandular cell of esophagus
CL:0002658	oboInOwl:hasDbXref	FMA:87194	semapv:UnspecifiedMatching	glandular cell of the large intestine	Glandular cell of large intestine
CL:0002659	oboInOwl:hasDbXref	FMA:86554	semapv:UnspecifiedMatching	glandular epithelial cell of stomach	Glandular cell of stomach
CL:0002660	oboInOwl:hasDbXref	FMA:74505	semapv:UnspecifiedMatching	luminal cell of acinus of lactiferous gland	Luminal cell of acinus of lactiferous gland
CL:0002661	oboInOwl:hasDbXref	FMA:87168	semapv:UnspecifiedMatching	luminal cell of lactiferous terminal ductal lobular unit	Luminal cell of lactiferous terminal ductal lobular unit
CL:0002662	oboInOwl:hasDbXref	FMA:74504	semapv:UnspecifiedMatching	luminal cell of lactiferous duct	Luminal cell of lactiferous duct
CL:0002663	oboInOwl:hasDbXref	FMA:83389	semapv:UnspecifiedMatching	myocardial endocrine cell of atrium	Myocardial endocrine cell of atrium
CL:0003013	oboInOwl:hasDbXref	https://orcid.org/0000-0002-5260-9315	semapv:UnspecifiedMatching	G10 retinal ganglion cell	Ray, Patrick
CL:0003014	oboInOwl:hasDbXref	https://orcid.org/0000-0002-5260-9315	semapv:UnspecifiedMatching	G11 retinal ganglion cell	Ray, Patrick
CL:0003015	oboInOwl:hasDbXref	https://orcid.org/0000-0002-5260-9315	semapv:UnspecifiedMatching	G11-ON retinal ganglion cell	Ray, Patrick
CL:0003016	oboInOwl:hasDbXref	https://orcid.org/0000-0002-5260-9315	semapv:UnspecifiedMatching	G11-OFF retinal ganglion cell	Ray, Patrick
CL:0005000	oboInOwl:hasDbXref	ZFA:0000778	semapv:UnspecifiedMatching	spinal cord interneuron	spinal cord interneuron
CL:0005001	oboInOwl:hasDbXref	ZFA:0005328	semapv:UnspecifiedMatching	iridoblast	iridoblast
CL:0005002	oboInOwl:hasDbXref	ZFA:0005245	semapv:UnspecifiedMatching	xanthoblast	xanthoblast
CL:0005003	oboInOwl:hasDbXref	ZFA:0005329	semapv:UnspecifiedMatching	leucoblast	leucoblast
CL:0005004	oboInOwl:hasDbXref	ZFA:0005331	semapv:UnspecifiedMatching	pigment erythroblast	pigment erythroblast
CL:0005005	oboInOwl:hasDbXref	ZFA:0005332	semapv:UnspecifiedMatching	cyanoblast	cyanoblast
CL:0005006	oboInOwl:hasDbXref	ZFA:0005323	semapv:UnspecifiedMatching	ionocyte	ionocyte
CL:0005007	oboInOwl:hasDbXref	ZFA:0005240	semapv:UnspecifiedMatching	Kolmer-Agduhr neuron	Kolmer-Agduhr neuron
CL:0005009	oboInOwl:hasDbXref	ZFA:0005322	semapv:UnspecifiedMatching	renal principal cell	renal principal cell
CL:0005010	oboInOwl:hasDbXref	FMA:86560	semapv:UnspecifiedMatching	renal intercalated cell	Intercalated cell of collecting duct of renal tubule
CL:0005010	oboInOwl:hasDbXref	ZFA:0009375	semapv:UnspecifiedMatching	renal intercalated cell	renal intercalated cell
CL:0005011	oboInOwl:hasDbXref	ZFA:0009376	semapv:UnspecifiedMatching	renal alpha-intercalated cell	renal alpha-intercalated cell
CL:0005012	oboInOwl:hasDbXref	ZFA:0005242	semapv:UnspecifiedMatching	multi-ciliated epithelial cell	multi-ciliated epithelial cell
CL:0005013	oboInOwl:hasDbXref	ZFA:0005243	semapv:UnspecifiedMatching	single ciliated epithelial cell	single ciliated epithelial cell
CL:0005014	oboInOwl:hasDbXref	ZFA:0005244	semapv:UnspecifiedMatching	auditory epithelial supporting cell	auditory epithelial support cell
CL:0005015	oboInOwl:hasDbXref	FMA:79801	semapv:UnspecifiedMatching	inner phalangeal cell	Inner phalangeal cell of cochlea
CL:0005018	oboInOwl:hasDbXref	ZFA:0005599	semapv:UnspecifiedMatching	ghrelin secreting cell	ghrelin secreting cell
CL:0005019	oboInOwl:hasDbXref	ZFA:0005598	semapv:UnspecifiedMatching	pancreatic epsilon cell	pancreatic epsilon cell
CL:0005020	oboInOwl:hasDbXref	ZFA:0009393	semapv:UnspecifiedMatching	lymphangioblast	lymphangioblast
CL:0005021	oboInOwl:hasDbXref	ZFA:0009394	semapv:UnspecifiedMatching	mesenchymal lymphangioblast	mesenchymal lymphangioblast
CL:0005022	oboInOwl:hasDbXref	ZFA:0009395	semapv:UnspecifiedMatching	vascular lymphangioblast	vascular lymphangioblast
CL:0005023	oboInOwl:hasDbXref	PMID:14699587	semapv:UnspecifiedMatching	branchiomotor neuron	
CL:0005023	oboInOwl:hasDbXref	ZFA:0005731	semapv:UnspecifiedMatching	branchiomotor neuron	branchiomotor neuron
CL:0005024	oboInOwl:hasDbXref	ZFA:0005733	semapv:UnspecifiedMatching	somatomotor neuron	somatomotor neuron
CL:0005025	oboInOwl:hasDbXref	ZFA:0005732	semapv:UnspecifiedMatching	visceromotor neuron	visceromotor neuron
CL:0007004	oboInOwl:hasDbXref	ZFA:0007084	semapv:UnspecifiedMatching	premigratory neural crest cell	premigratory neural crest cell
CL:0007007	oboInOwl:hasDbXref	ZFA:0005744	semapv:UnspecifiedMatching	notochordal sheath cell	notochord outer sheath cell
CL:0007011	oboInOwl:hasDbXref	ZFA:0005775	semapv:UnspecifiedMatching	enteric neuron	enteric neuron
CL:0007016	oboInOwl:hasDbXref	ZFA:0000003	semapv:UnspecifiedMatching	adaxial cell	adaxial cell
CL:0007022	oboInOwl:hasDbXref	ZFA:0005239	semapv:UnspecifiedMatching	micropylar cell	micropylar cell
CL:0008002	oboInOwl:hasDbXref	MESH:D018485	semapv:UnspecifiedMatching	skeletal muscle fiber	
CL:0008004	oboInOwl:hasDbXref	FBbt:00005073	semapv:UnspecifiedMatching	somatic muscle cell	somatic muscle cell
CL:0008007	oboInOwl:hasDbXref	FBbt:00005070	semapv:UnspecifiedMatching	visceral muscle cell	visceral muscle cell
CL:0008025	oboInOwl:hasDbXref	ZFA:0005873	semapv:UnspecifiedMatching	noradrenergic neuron	noradrenergic neuron
CL:0008026	oboInOwl:hasDbXref	FBbt:00005038	semapv:UnspecifiedMatching	open tracheal system tracheocyte	tracheocyte
CL:0008034	oboInOwl:hasDbXref	ZFA:0005944	semapv:UnspecifiedMatching	mural cell	mural cell
CL:0008037	oboInOwl:hasDbXref	FMA:83660	semapv:UnspecifiedMatching	gamma motor neuron	Gamma motor neuron
CL:0008037	oboInOwl:hasDbXref	MESH:D009047	semapv:UnspecifiedMatching	gamma motor neuron	
CL:0008037	oboInOwl:hasDbXref	SAO:143800623	semapv:UnspecifiedMatching	gamma motor neuron	
CL:0008039	oboInOwl:hasDbXref	FMA:84632	semapv:UnspecifiedMatching	lower motor neuron	Lower motor neuron
CL:0009001	oboInOwl:hasDbXref	PMID:12021768	semapv:UnspecifiedMatching	compound eye retinal cell	
CL:0009002	oboInOwl:hasDbXref	wikipedia.en:Inflammatory_response	semapv:UnspecifiedMatching	inflammatory cell	
CL:0009003	oboInOwl:hasDbXref	wikipedia.en:Insect#Midgut	semapv:UnspecifiedMatching	larval midgut cell	
CL:0009004	oboInOwl:hasDbXref	PMID:10702418	semapv:UnspecifiedMatching	retinal cell	
CL:0009005	oboInOwl:hasDbXref	wikipedia.en:Salivary_gland	semapv:UnspecifiedMatching	salivary gland cell	
CL:0009084	oboInOwl:hasDbXref	EFO:0010710	semapv:UnspecifiedMatching	epithelial cell of endometrial gland	endometrial glandular epithelial cell
CL:0009086	oboInOwl:hasDbXref	EFO:0010667	semapv:UnspecifiedMatching	endothelial cell of respiratory system lymphatic vessel	endothelial cell of respiratory system lymphatic vessel
CL:0009087	oboInOwl:hasDbXref	EFO:0010712	semapv:UnspecifiedMatching	fused extravillous trophoblast	fused extravillous trophoblast
CL:0009089	oboInOwl:hasDbXref	EFO:0010669	semapv:UnspecifiedMatching	lung pericyte	lung pericyte cell
CL:0009092	oboInOwl:hasDbXref	EFO:0010708	semapv:UnspecifiedMatching	endothelial cell of placenta	placental endothelial cell
CL:0009093	oboInOwl:hasDbXref	EFO:0010709	semapv:UnspecifiedMatching	smooth muscle cell of placenta	placental smooth muscle cell
CL:0009094	oboInOwl:hasDbXref	EFO:0010704	semapv:UnspecifiedMatching	endothelial cell of hepatic portal vein	portal endothelial cell
CL:0009095	oboInOwl:hasDbXref	EFO:0010711	semapv:UnspecifiedMatching	endothelial cell of uterus	uterine endothelial cell
CL:0010003	oboInOwl:hasDbXref	MESH:D056809	semapv:UnspecifiedMatching	obsolete epithelial cell of alveolus of lung	
CL:0010012	oboInOwl:hasDbXref	BTO:0004102	semapv:UnspecifiedMatching	cerebral cortex neuron	cerebral cortical neuron
CL:0010012	oboInOwl:hasDbXref	FMA:84104	semapv:UnspecifiedMatching	cerebral cortex neuron	Neuron of cerebral cortex
CL:0010017	oboInOwl:hasDbXref	MESH:D015053	semapv:UnspecifiedMatching	zygote	
CL:0010021	oboInOwl:hasDbXref	MESH:D032386	semapv:UnspecifiedMatching	cardiac myoblast	
CL:0011003	oboInOwl:hasDbXref	ILX:0107463	semapv:UnspecifiedMatching	magnocellular neurosecretory cell	
CL:0011004	oboInOwl:hasDbXref	ZFA:0009401	semapv:UnspecifiedMatching	lens fiber cell	lens fiber cell
CL:0011028	oboInOwl:hasDbXref	BTO:0002771	semapv:UnspecifiedMatching	olfactory ensheathing cell	olfactory ensheathing cell
CL:0011102	oboInOwl:hasDbXref	ZFA:0005776	semapv:UnspecifiedMatching	parasympathetic neuron	parasympathetic neuron
CL:0011103	oboInOwl:hasDbXref	ZFA:0005777	semapv:UnspecifiedMatching	sympathetic neuron	sympathetic neuron
CL:0011109	oboInOwl:hasDbXref	ZFA:0005778	semapv:UnspecifiedMatching	hypocretin-secreting neuron	hypocretin-secreting neuron
CL:0011110	oboInOwl:hasDbXref	FBbt:00007367	semapv:UnspecifiedMatching	histaminergic neuron	histaminergic neuron
CL:0015000	oboInOwl:hasDbXref	PMID:14699587	semapv:UnspecifiedMatching	cranial motor neuron	
CL:0015000	oboInOwl:hasDbXref	ZFA:0005730	semapv:UnspecifiedMatching	cranial motor neuron	cranial motor neuron
CL:0017005	oboInOwl:hasDbXref	BTO:0000772	semapv:UnspecifiedMatching	lymphoblast	lymphoblast
CL:0017005	oboInOwl:hasDbXref	EFO:0000572	semapv:UnspecifiedMatching	lymphoblast	lymphoblast
CL:0017005	oboInOwl:hasDbXref	FMA:83030	semapv:UnspecifiedMatching	lymphoblast	Lymphoblast
CL:0017006	oboInOwl:hasDbXref	EFO:0005293	semapv:UnspecifiedMatching	B-lymphoblast	B-lymphoblast
CL:0017006	oboInOwl:hasDbXref	FMA:83031	semapv:UnspecifiedMatching	B-lymphoblast	B lymphoblast
CL:0019021	oboInOwl:hasDbXref	EFO:0010705	semapv:UnspecifiedMatching	endothelial cell of periportal hepatic sinusoid	periportal hepatic sinusoidal endothelial cell
CL:0019022	oboInOwl:hasDbXref	EFO:0010706	semapv:UnspecifiedMatching	endothelial cell of pericentral hepatic sinusoid	central venous hepatic sinusoidal endothelial cell
CL:1000082	oboInOwl:hasDbXref	ZFA:0009370	semapv:UnspecifiedMatching	stretch receptor cell	stretch receptor cell
CL:1000083	oboInOwl:hasDbXref	ZFA:0009371	semapv:UnspecifiedMatching	stratified keratinized epithelial stem cell	stratified keratinized epithelial stem cell
CL:1000147	oboInOwl:hasDbXref	ZFA:0009402	semapv:UnspecifiedMatching	cardiac valve cell	heart valve cell
CL:1000155	oboInOwl:hasDbXref	FBbt:00005797	semapv:UnspecifiedMatching	Malpighian tubule stellate cell	Malpighian tubule Type II cell
CL:1000191	oboInOwl:hasDbXref	FMA:75722	semapv:UnspecifiedMatching	pillar cell	Pillar cell of cochlea
CL:1000275	oboInOwl:hasDbXref	FMA:15050	semapv:UnspecifiedMatching	smooth muscle cell of small intestine	Smooth muscle fiber of small intestine
CL:1000276	oboInOwl:hasDbXref	FMA:15058	semapv:UnspecifiedMatching	smooth muscle fiber of duodenum	Smooth muscle fiber of duodenum
CL:1000277	oboInOwl:hasDbXref	FMA:15062	semapv:UnspecifiedMatching	smooth muscle fiber of jejunum	Smooth muscle fiber of jejunum
CL:1000278	oboInOwl:hasDbXref	FMA:15066	semapv:UnspecifiedMatching	smooth muscle fiber of ileum	Smooth muscle fiber of ileum
CL:1000279	oboInOwl:hasDbXref	FMA:15653	semapv:UnspecifiedMatching	smooth muscle cell of large intestine	Smooth muscle fiber of large intestine
CL:1000280	oboInOwl:hasDbXref	FMA:15663	semapv:UnspecifiedMatching	smooth muscle cell of colon	Smooth muscle fiber of colon
CL:1000281	oboInOwl:hasDbXref	FMA:15681	semapv:UnspecifiedMatching	smooth muscle cell of cecum	Smooth muscle fiber of cecum
CL:1000282	oboInOwl:hasDbXref	FMA:17518	semapv:UnspecifiedMatching	smooth muscle fiber of ascending colon	Smooth muscle fiber of ascending colon
CL:1000283	oboInOwl:hasDbXref	FMA:17519	semapv:UnspecifiedMatching	smooth muscle fiber of transverse colon	Smooth muscle fiber of transverse colon
CL:1000284	oboInOwl:hasDbXref	FMA:17520	semapv:UnspecifiedMatching	smooth muscle fiber of descending colon	Smooth muscle fiber of descending colon
CL:1000285	oboInOwl:hasDbXref	FMA:17521	semapv:UnspecifiedMatching	smooth muscle cell of sigmoid colon	Smooth muscle fiber of sigmoid colon
CL:1000286	oboInOwl:hasDbXref	FMA:17522	semapv:UnspecifiedMatching	smooth muscle cell of rectum	Smooth muscle fiber of rectum
CL:1000287	oboInOwl:hasDbXref	FMA:223276	semapv:UnspecifiedMatching	myocyte of anterior internodal tract	Myocyte of anterior internodal tract
CL:1000288	oboInOwl:hasDbXref	FMA:223277	semapv:UnspecifiedMatching	myocyte of atrial branch of anterior internodal tract	Myocyte of atrial branch of anterior internodal tract
CL:1000289	oboInOwl:hasDbXref	FMA:223278	semapv:UnspecifiedMatching	myocyte of atrial septal branch of anterior internodal tract	Myocyte of atrial septal branch of anterior internodal tract
CL:1000290	oboInOwl:hasDbXref	FMA:223279	semapv:UnspecifiedMatching	myocyte of middle internodal tract	Myocyte of middle internodal tract
CL:1000291	oboInOwl:hasDbXref	FMA:223280	semapv:UnspecifiedMatching	myocyte of posterior internodal tract	Myocyte of posterior internodal tract
CL:1000296	oboInOwl:hasDbXref	FMA:256165	semapv:UnspecifiedMatching	epithelial cell of urethra	Epithelial cell of urethra
CL:1000298	oboInOwl:hasDbXref	FMA:256516	semapv:UnspecifiedMatching	mesothelial cell of dura mater	Mesothelial cell of dura mater
CL:1000299	oboInOwl:hasDbXref	FMA:261271	semapv:UnspecifiedMatching	fibroblast of connective tissue of prostate	Fibroblast of connective tissue of prostate
CL:1000300	oboInOwl:hasDbXref	FMA:261273	semapv:UnspecifiedMatching	fibroblast of outer membrane of prostatic capsule	Fibroblast of outer membrane of prostatic capsule
CL:1000301	oboInOwl:hasDbXref	FMA:261275	semapv:UnspecifiedMatching	fibroblast of subepithelial connective tissue of prostatic gland	Fibroblast of subepithelial connective tissue of prostatic gland
CL:1000302	oboInOwl:hasDbXref	FMA:261277	semapv:UnspecifiedMatching	fibroblast of papillary layer of dermis	Fibroblast of papillary layer of dermis
CL:1000303	oboInOwl:hasDbXref	FMA:261279	semapv:UnspecifiedMatching	fibroblast of areolar connective tissue	Fibroblast of areolar connective tissue
CL:1000304	oboInOwl:hasDbXref	FMA:261281	semapv:UnspecifiedMatching	fibroblast of connective tissue of nonglandular part of prostate	Fibroblast of connective tissue of nonglandular part of prostate
CL:1000305	oboInOwl:hasDbXref	FMA:261283	semapv:UnspecifiedMatching	fibroblast of connective tissue of glandular part of prostate	Fibroblast of connective tissue of glandular part of prostate
CL:1000306	oboInOwl:hasDbXref	FMA:261285	semapv:UnspecifiedMatching	fibroblast of tunica adventitia of artery	Fibroblast of tunica adventitia of artery
CL:1000307	oboInOwl:hasDbXref	FMA:261287	semapv:UnspecifiedMatching	fibroblast of dense regular elastic tissue	Fibroblast of dense regular elastic tissue
CL:1000308	oboInOwl:hasDbXref	FMA:261289	semapv:UnspecifiedMatching	fibrocyte of adventitia of ureter	Fibrocyte of adventitia of ureter
CL:1000309	oboInOwl:hasDbXref	FMA:261293	semapv:UnspecifiedMatching	epicardial adipocyte	Epicardial adipocyte
CL:1000310	oboInOwl:hasDbXref	FMA:261297	semapv:UnspecifiedMatching	adipocyte of epicardial fat of right ventricle	Adipocyte of epicardial fat of right ventricle
CL:1000311	oboInOwl:hasDbXref	FMA:261300	semapv:UnspecifiedMatching	adipocyte of epicardial fat of left ventricle	Adipocyte of epicardial fat of left ventricle
CL:1000312	oboInOwl:hasDbXref	FMA:263032	semapv:UnspecifiedMatching	bronchial goblet cell	Bronchial goblet cell
CL:1000313	oboInOwl:hasDbXref	FMA:263035	semapv:UnspecifiedMatching	gastric goblet cell	Gastric goblet cell
CL:1000314	oboInOwl:hasDbXref	FMA:263038	semapv:UnspecifiedMatching	gastric cardiac gland goblet cell	Goblet cell of epithelium of gastric cardiac gland
CL:1000315	oboInOwl:hasDbXref	FMA:263040	semapv:UnspecifiedMatching	principal gastric gland goblet cell	Goblet cell of epithelium of principal gastric gland
CL:1000316	oboInOwl:hasDbXref	FMA:263042	semapv:UnspecifiedMatching	obsolete goblet cell of epithelium of small intestine	Goblet cell of epithelium of small intestine
CL:1000317	oboInOwl:hasDbXref	FMA:263046	semapv:UnspecifiedMatching	intestinal villus goblet cell	Goblet cell of epithelium of intestinal villus
CL:1000318	oboInOwl:hasDbXref	FMA:263050	semapv:UnspecifiedMatching	obsolete small intestine crypt goblet cell	Goblet cell of epithelium of crypt of Lieberkuhn of small intestine
CL:1000319	oboInOwl:hasDbXref	FMA:263052	semapv:UnspecifiedMatching	obsolete goblet cell of epithelium proper of small intestine	Goblet cell of epithelium proper of small intestine
CL:1000320	oboInOwl:hasDbXref	FMA:263054	semapv:UnspecifiedMatching	large intestine goblet cell	Goblet cell of epithelium of large intestine
CL:1000321	oboInOwl:hasDbXref	FMA:263056	semapv:UnspecifiedMatching	large intestine crypt goblet cell	Goblet cell of epithelium of crypt of Lieberkuhn of large intestine
CL:1000322	oboInOwl:hasDbXref	FMA:263058	semapv:UnspecifiedMatching	pancreatic goblet cell	Pancreatic goblet cell
CL:1000323	oboInOwl:hasDbXref	FMA:263061	semapv:UnspecifiedMatching	pyloric gastric gland goblet cell	Goblet cell of epithelium of pyloric gland
CL:1000324	oboInOwl:hasDbXref	FMA:263063	semapv:UnspecifiedMatching	duodenal goblet cell	Goblet cell of epithelium proper of duodenum
CL:1000325	oboInOwl:hasDbXref	FMA:263065	semapv:UnspecifiedMatching	jejunal goblet cell	Goblet cell of epithelium proper of jejunum
CL:1000326	oboInOwl:hasDbXref	FMA:263067	semapv:UnspecifiedMatching	ileal goblet cell	Goblet cell of epithelium proper of ileum
CL:1000327	oboInOwl:hasDbXref	FMA:263069	semapv:UnspecifiedMatching	appendix goblet cell	Goblet cell of epithelium proper of appendix
CL:1000328	oboInOwl:hasDbXref	FMA:263071	semapv:UnspecifiedMatching	obsolete goblet cell of epithelium proper of large intestine	Goblet cell of epithelium proper of large intestine
CL:1000329	oboInOwl:hasDbXref	FMA:263075	semapv:UnspecifiedMatching	tracheal goblet cell	Tracheal goblet cell
CL:1000330	oboInOwl:hasDbXref	FMA:263078	semapv:UnspecifiedMatching	serous cell of epithelium of trachea	Serous cell of epithelium of trachea
CL:1000331	oboInOwl:hasDbXref	FMA:263080	semapv:UnspecifiedMatching	serous cell of epithelium of bronchus	Serous cell of epithelium of bronchus
CL:1000332	oboInOwl:hasDbXref	FMA:263082	semapv:UnspecifiedMatching	serous cell of epithelium of terminal bronchiole	Serous cell of epithelium of terminal bronchiole
CL:1000333	oboInOwl:hasDbXref	FMA:263084	semapv:UnspecifiedMatching	serous cell of epithelium of lobular bronchiole	Serous cell of epithelium of lobular bronchiole
CL:1000334	oboInOwl:hasDbXref	FMA:263086	semapv:UnspecifiedMatching	enterocyte of epithelium of small intestine	Enterocyte of epithelium of small intestine
CL:1000335	oboInOwl:hasDbXref	FMA:263088	semapv:UnspecifiedMatching	enterocyte of epithelium of intestinal villus	Enterocyte of epithelium of intestinal villus
CL:1000337	oboInOwl:hasDbXref	FMA:263092	semapv:UnspecifiedMatching	enterocyte of epithelium of duodenal gland	Enterocyte of epithelium of duodenal gland
CL:1000338	oboInOwl:hasDbXref	FMA:263094	semapv:UnspecifiedMatching	enterocyte of epithelium of crypt of Lieberkuhn of small intestine	Enterocyte of epithelium of crypt of Lieberkuhn of small intestine
CL:1000339	oboInOwl:hasDbXref	FMA:263096	semapv:UnspecifiedMatching	enterocyte of epithelium proper of small intestine	Enterocyte of epithelium proper of small intestine
CL:1000340	oboInOwl:hasDbXref	FMA:263098	semapv:UnspecifiedMatching	enterocyte of epithelium proper of duodenum	Enterocyte of epithelium proper of duodenum
CL:1000341	oboInOwl:hasDbXref	FMA:263100	semapv:UnspecifiedMatching	enterocyte of epithelium proper of jejunum	Enterocyte of epithelium proper of jejunum
CL:1000342	oboInOwl:hasDbXref	FMA:263102	semapv:UnspecifiedMatching	enterocyte of epithelium proper of ileum	Enterocyte of epithelium proper of ileum
CL:1000343	oboInOwl:hasDbXref	FMA:263104	semapv:UnspecifiedMatching	paneth cell of epithelium of small intestine	Paneth cell of epithelium of small intestine
CL:1000344	oboInOwl:hasDbXref	FMA:263106	semapv:UnspecifiedMatching	paneth cell of epithelium proper of small intestine	Paneth cell of epithelium proper of small intestine
CL:1000345	oboInOwl:hasDbXref	FMA:263108	semapv:UnspecifiedMatching	paneth cell of epithelium of crypt of Lieberkuhn of small intestine	Paneth cell of epithelium of crypt of Lieberkuhn of small intestine
CL:1000346	oboInOwl:hasDbXref	FMA:263090	semapv:UnspecifiedMatching	enterocyte of epithelium proper of large intestine	Enterocyte of epithelium proper of large intestine
CL:1000346	oboInOwl:hasDbXref	FMA:263112	semapv:UnspecifiedMatching	enterocyte of epithelium proper of large intestine	Vacuolar absorptive cell of epithelium proper of large intestine
CL:1000347	oboInOwl:hasDbXref	FMA:263114	semapv:UnspecifiedMatching	colonocyte	Vacuolar absorptive cell of epithelium of colon
CL:1000348	oboInOwl:hasDbXref	FMA:263118	semapv:UnspecifiedMatching	basal cell of epithelium of trachea	Basal cell of epithelium of trachea
CL:1000349	oboInOwl:hasDbXref	FMA:263120	semapv:UnspecifiedMatching	basal cell of epithelium of bronchus	Basal cell of epithelium of bronchus
CL:1000350	oboInOwl:hasDbXref	FMA:263122	semapv:UnspecifiedMatching	basal cell of epithelium of terminal bronchiole	Basal cell of epithelium of terminal bronchiole
CL:1000351	oboInOwl:hasDbXref	FMA:263124	semapv:UnspecifiedMatching	basal cell of epithelium of respiratory bronchiole	Basal cell of epithelium of respiratory bronchiole
CL:1000352	oboInOwl:hasDbXref	FMA:263126	semapv:UnspecifiedMatching	basal cell of epithelium of lobular bronchiole	Basal cell of epithelium of lobular bronchiole
CL:1000353	oboInOwl:hasDbXref	FMA:263128	semapv:UnspecifiedMatching	microfold cell of epithelium of small intestine	Microfold cell of epithelium of small intestine
CL:1000354	oboInOwl:hasDbXref	FMA:263130	semapv:UnspecifiedMatching	microfold cell of epithelium of intestinal villus	Microfold cell of epithelium of intestinal villus
CL:1000355	oboInOwl:hasDbXref	FMA:263132	semapv:UnspecifiedMatching	microfold cell of epithelium proper of small intestine	Microfold cell of epithelium proper of small intestine
CL:1000356	oboInOwl:hasDbXref	FMA:263134	semapv:UnspecifiedMatching	microfold cell of epithelium proper of duodenum	Microfold cell of epithelium proper of duodenum
CL:1000357	oboInOwl:hasDbXref	FMA:263136	semapv:UnspecifiedMatching	microfold cell of epithelium proper of jejunum	Microfold cell of epithelium proper of jejunum
CL:1000358	oboInOwl:hasDbXref	FMA:263138	semapv:UnspecifiedMatching	microfold cell of epithelium proper of ileum	Microfold cell of epithelium proper of ileum
CL:1000359	oboInOwl:hasDbXref	FMA:263140	semapv:UnspecifiedMatching	microfold cell of epithelium proper of appendix	Microfold cell of epithelium proper of appendix
CL:1000360	oboInOwl:hasDbXref	FMA:263142	semapv:UnspecifiedMatching	microfold cell of epithelium proper of large intestine	Microfold cell of epithelium proper of large intestine
CL:1000361	oboInOwl:hasDbXref	FMA:263152	semapv:UnspecifiedMatching	transitional myocyte of interatrial septum	Transitional myocyte of interatrial septum
CL:1000362	oboInOwl:hasDbXref	FMA:263154	semapv:UnspecifiedMatching	transitional myocyte of interventricular septum	Transitional myocyte of interventricular septum
CL:1000363	oboInOwl:hasDbXref	FMA:263156	semapv:UnspecifiedMatching	transitional myocyte of atrial branch of anterior internodal tract	Transitional myocyte of atrial branch of anterior internodal tract
CL:1000364	oboInOwl:hasDbXref	FMA:263158	semapv:UnspecifiedMatching	transitional myocyte of anterior internodal tract	Transitional myocyte of anterior internodal tract
CL:1000365	oboInOwl:hasDbXref	FMA:263160	semapv:UnspecifiedMatching	transitional myocyte of atrial septal branch of anterior internodal tract	Transitional myocyte of atrial septal branch of anterior internodal tract
CL:1000366	oboInOwl:hasDbXref	FMA:263162	semapv:UnspecifiedMatching	transitional myocyte of middle internodal tract	Transitional myocyte of middle internodal tract
CL:1000367	oboInOwl:hasDbXref	FMA:263164	semapv:UnspecifiedMatching	transitional myocyte of posterior internodal tract	Transitional myocyte of posterior internodal tract
CL:1000368	oboInOwl:hasDbXref	FMA:263166	semapv:UnspecifiedMatching	transitional myocyte of anterior division of left branch of atrioventricular bundle	Transitional myocyte of anterior division of left branch of atrioventricular bundle
CL:1000369	oboInOwl:hasDbXref	FMA:263168	semapv:UnspecifiedMatching	transitional myocyte of septal division of left branch of atrioventricular bundle	Transitional myocyte of septal division of left branch of atrioventricular bundle
CL:1000370	oboInOwl:hasDbXref	FMA:263170	semapv:UnspecifiedMatching	transitional myocyte of left branch of atrioventricular bundle	Transitional myocyte of left branch of atrioventricular bundle
CL:1000371	oboInOwl:hasDbXref	FMA:263172	semapv:UnspecifiedMatching	transitional myocyte of right branch of atrioventricular bundle	Transitional myocyte of right branch of atrioventricular bundle
CL:1000372	oboInOwl:hasDbXref	FMA:263174	semapv:UnspecifiedMatching	transitional myocyte of atrial part of atrioventricular bundle	Transitional myocyte of atrial part of atrioventricular bundle
CL:1000373	oboInOwl:hasDbXref	FMA:263176	semapv:UnspecifiedMatching	transitional myocyte of ventricular part of atrioventricular bundle	Transitional myocyte of ventricular part of atrioventricular bundle
CL:1000374	oboInOwl:hasDbXref	FMA:263178	semapv:UnspecifiedMatching	transitional myocyte of posterior division of left branch of atrioventricular bundle	Transitional myocyte of posterior division of left branch of atrioventricular bundle
CL:1000375	oboInOwl:hasDbXref	FMA:263180	semapv:UnspecifiedMatching	myocardial endocrine cell of septal division of left branch of atrioventricular bundle	myocardial endocrine cell of septal division of left branch of atrioventricular bundle
CL:1000376	oboInOwl:hasDbXref	FMA:263182	semapv:UnspecifiedMatching	Purkinje myocyte of interventricular septum	Purkinje myocyte of interventricular septum
CL:1000377	oboInOwl:hasDbXref	FMA:263184	semapv:UnspecifiedMatching	dense-core granulated cell of epithelium of trachea	Dense-core granulated cell of epithelium of trachea
CL:1000378	oboInOwl:hasDbXref	FMA:263186	semapv:UnspecifiedMatching	type 1 vestibular sensory cell of stato-acoustic epithelium	Type 1 vestibular sensory cell of stato-acoustic epithelium
CL:1000379	oboInOwl:hasDbXref	FMA:263188	semapv:UnspecifiedMatching	type 1 vestibular sensory cell of epithelium of macula of utricle of membranous labyrinth	Type 1 vestibular sensory cell of epithelium of macula of utricle of membranous labyrinth
CL:1000380	oboInOwl:hasDbXref	FMA:263190	semapv:UnspecifiedMatching	type 1 vestibular sensory cell of epithelium of macula of saccule of membranous labyrinth	Type 1 vestibular sensory cell of epithelium of macula of saccule of membranous labyrinth
CL:1000381	oboInOwl:hasDbXref	FMA:263192	semapv:UnspecifiedMatching	type 1 vestibular sensory cell of epithelium of crista of ampulla of semicircular duct of membranous labyrinth	Type 1 vestibular sensory cell of epithelium of crista of ampulla of semicircular duct of membranous labyrinth
CL:1000382	oboInOwl:hasDbXref	FMA:263194	semapv:UnspecifiedMatching	type 2 vestibular sensory cell of stato-acoustic epithelium	Type 2 vestibular sensory cell of stato-acoustic epithelium
CL:1000383	oboInOwl:hasDbXref	FMA:263196	semapv:UnspecifiedMatching	type 2 vestibular sensory cell of epithelium of macula of utricle of membranous labyrinth	Type 2 vestibular sensory cell of epithelium of macula of utricle of membranous labyrinth
CL:1000384	oboInOwl:hasDbXref	FMA:263198	semapv:UnspecifiedMatching	type 2 vestibular sensory cell of epithelium of macula of saccule of membranous labyrinth	Type 2 vestibular sensory cell of epithelium of macula of saccule of membranous labyrinth
CL:1000385	oboInOwl:hasDbXref	FMA:263200	semapv:UnspecifiedMatching	type 2 vestibular sensory cell of epithelium of crista of ampulla of semicircular duct of membranous labyrinth	Type 2 vestibular sensory cell of epithelium of crista of ampulla of semicircular duct of membranous labyrinth
CL:1000391	oboInOwl:hasDbXref	FMA:59175	semapv:UnspecifiedMatching	melanocyte of eyelid	Melanocyte of eyelid
CL:1000394	oboInOwl:hasDbXref	FMA:62158	semapv:UnspecifiedMatching	myoepithelial cell of intralobular lactiferous duct	Myoepithelial cell of intralobular lactiferous duct
CL:1000397	oboInOwl:hasDbXref	FMA:62817	semapv:UnspecifiedMatching	endothelial cell of venous sinus of red pulp of spleen	Endothelial cell of venous sinus of red pulp of spleen
CL:1000398	oboInOwl:hasDbXref	BTO:000125	semapv:UnspecifiedMatching	endothelial cell of hepatic sinusoid	
CL:1000398	oboInOwl:hasDbXref	FMA:62911	semapv:UnspecifiedMatching	endothelial cell of hepatic sinusoid	Endothelial cell of hepatic sinusoid
CL:1000405	oboInOwl:hasDbXref	FMA:63602	semapv:UnspecifiedMatching	epithelial cell of appendix	Epithelial cell of appendix
CL:1000409	oboInOwl:hasDbXref	FMA:67102	semapv:UnspecifiedMatching	myocyte of sinoatrial node	Myocyte of sinuatrial node
CL:1000410	oboInOwl:hasDbXref	FMA:67106	semapv:UnspecifiedMatching	myocyte of atrioventricular node	Myocyte of atrioventricular node
CL:1000411	oboInOwl:hasDbXref	FMA:67757	semapv:UnspecifiedMatching	endothelial cell of Peyer's patch	Endothelial cell of Peyer's patch
CL:1000412	oboInOwl:hasDbXref	FMA:67760	semapv:UnspecifiedMatching	endothelial cell of arteriole	Endothelial cell of arteriole
CL:1000413	oboInOwl:hasDbXref	BTO:0004758	semapv:UnspecifiedMatching	endothelial cell of artery	arterial endothelial cell
CL:1000413	oboInOwl:hasDbXref	FMA:67761	semapv:UnspecifiedMatching	endothelial cell of artery	Endothelial cell of artery
CL:1000414	oboInOwl:hasDbXref	FMA:67762	semapv:UnspecifiedMatching	endothelial cell of venule	Endothelial cell of venule
CL:1000415	oboInOwl:hasDbXref	FMA:67780	semapv:UnspecifiedMatching	epithelial cell of gallbladder	Epithelial cell of gall bladder
CL:1000417	oboInOwl:hasDbXref	FMA:67801	semapv:UnspecifiedMatching	myoepithelial cell of sweat gland	Myoepithelial cell of sweat gland
CL:1000418	oboInOwl:hasDbXref	FMA:67802	semapv:UnspecifiedMatching	myoepithelial cell of lactiferous alveolus	Myoepithelial cell of lactiferous alveolus
CL:1000419	oboInOwl:hasDbXref	FMA:67803	semapv:UnspecifiedMatching	myoepithelial cell of lactiferous duct	Myoepithelial cell of lactiferous duct
CL:1000420	oboInOwl:hasDbXref	FMA:67804	semapv:UnspecifiedMatching	myoepithelial cell of terminal lactiferous duct	Myoepithelial cell of terminal lactiferous duct
CL:1000424	oboInOwl:hasDbXref	FMA:69328	semapv:UnspecifiedMatching	chromaffin cell of paraaortic body	Chromaffin cell of paraaortic body
CL:1000425	oboInOwl:hasDbXref	FMA:69335	semapv:UnspecifiedMatching	chromaffin cell of paraganglion	Chromaffin cell of paraganglion
CL:1000426	oboInOwl:hasDbXref	FMA:69794	semapv:UnspecifiedMatching	chromaffin cell of adrenal gland	Chromaffin cell of adrenal gland
CL:1000427	oboInOwl:hasDbXref	FMA:69795	semapv:UnspecifiedMatching	adrenal cortex chromaffin cell	Chromaffin cell of adrenal cortex
CL:1000428	oboInOwl:hasDbXref	FMA:70541	semapv:UnspecifiedMatching	stem cell of epidermis	Stem cell of epidermis
CL:1000428	oboInOwl:hasDbXref	ZFA:0007122	semapv:UnspecifiedMatching	stem cell of epidermis	epidermal stem cell
CL:1000432	oboInOwl:hasDbXref	FMA:70552	semapv:UnspecifiedMatching	conjunctival epithelial cell	Conjunctival epithelial cell
CL:1000433	oboInOwl:hasDbXref	FMA:70553	semapv:UnspecifiedMatching	epithelial cell of lacrimal canaliculus	Epithelial cell of lacrimal canaliculus
CL:1000434	oboInOwl:hasDbXref	FMA:70555	semapv:UnspecifiedMatching	epithelial cell of external acoustic meatus	Epithelial cell of external acoustic meatus
CL:1000435	oboInOwl:hasDbXref	FMA:70559	semapv:UnspecifiedMatching	epithelial cell of lacrimal drainage system	Epithelial cell of lacrimal duct
CL:1000436	oboInOwl:hasDbXref	FMA:70560	semapv:UnspecifiedMatching	epithelial cell of lacrimal sac	Epithelial cell of lacrimal sac
CL:1000437	oboInOwl:hasDbXref	FMA:70561	semapv:UnspecifiedMatching	epithelial cell of nasolacrimal duct	Epithelial cell of nasolacrimal duct
CL:1000438	oboInOwl:hasDbXref	FMA:70562	semapv:UnspecifiedMatching	epithelial cell of wall of inferior part of anal canal	Epithelial cell of wall of inferior part of anal canal
CL:1000441	oboInOwl:hasDbXref	FMA:70583	semapv:UnspecifiedMatching	epithelial cell of viscerocranial mucosa	Epithelial cell of viscerocranial mucosa
CL:1000442	oboInOwl:hasDbXref	FMA:70598	semapv:UnspecifiedMatching	urothelial cell of trigone of urinary bladder	Urothelial cell of trigone of urinary bladder
CL:1000443	oboInOwl:hasDbXref	FMA:70610	semapv:UnspecifiedMatching	ciliary muscle cell	Ciliary muscle cell
CL:1000444	oboInOwl:hasDbXref	FMA:70615	semapv:UnspecifiedMatching	mesothelial cell of anterior chamber of eye	Mesothelial cell of anterior chamber of eye
CL:1000445	oboInOwl:hasDbXref	FMA:70619	semapv:UnspecifiedMatching	myoepithelial cell of dilator pupillae	Myoepithelial cell of dilator pupillae
CL:1000447	oboInOwl:hasDbXref	FMA:70731	semapv:UnspecifiedMatching	epithelial cell of stratum germinativum of esophagus	Epithelial cell of stratum germinativum of esophagus
CL:1000448	oboInOwl:hasDbXref	FMA:70952	semapv:UnspecifiedMatching	epithelial cell of sweat gland	Epithelial cell of sweat gland
CL:1000449	oboInOwl:hasDbXref	FMA:70965	semapv:UnspecifiedMatching	epithelial cell of nephron	Epithelial cell of nephron
CL:1000450	oboInOwl:hasDbXref	FMA:70966	semapv:UnspecifiedMatching	epithelial cell of glomerular capsule	Epithelial cell of glomerular capsule
CL:1000452	oboInOwl:hasDbXref	FMA:70968	semapv:UnspecifiedMatching	parietal epithelial cell	Epithelial cell of parietal layer of glomerular capsule
CL:1000453	oboInOwl:hasDbXref	FMA:70980	semapv:UnspecifiedMatching	epithelial cell of intermediate tubule	Epithelial cell of intermediate tubule
CL:1000454	oboInOwl:hasDbXref	FMA:70982	semapv:UnspecifiedMatching	kidney collecting duct epithelial cell	Epithelial cell of collecting duct of renal tubule
CL:1000456	oboInOwl:hasDbXref	FMA:72142	semapv:UnspecifiedMatching	mesothelial cell of parietal peritoneum	Mesothelial cell of parietal peritoneum
CL:1000457	oboInOwl:hasDbXref	FMA:72143	semapv:UnspecifiedMatching	mesothelial cell of visceral peritoneum	Mesothelial cell of visceral peritoneum
CL:1000458	oboInOwl:hasDbXref	FMA:72144	semapv:UnspecifiedMatching	melanocyte of skin	Melanocyte of skin
CL:1000465	oboInOwl:hasDbXref	FMA:74319	semapv:UnspecifiedMatching	chromaffin cell of ovary	Chromaffin cell of ovary
CL:1000466	oboInOwl:hasDbXref	FMA:74320	semapv:UnspecifiedMatching	chromaffin cell of right ovary	Chromaffin cell of right ovary
CL:1000467	oboInOwl:hasDbXref	FMA:74321	semapv:UnspecifiedMatching	chromaffin cell of left ovary	Chromaffin cell of left ovary
CL:1000468	oboInOwl:hasDbXref	FMA:74469	semapv:UnspecifiedMatching	myoepithelial cell of acinus of lactiferous gland	Myoepithelial cell of acinus of lactiferous gland
CL:1000469	oboInOwl:hasDbXref	FMA:74499	semapv:UnspecifiedMatching	myoepithelial cell of main lactiferous duct	Myoepithelial cell of main lactiferous duct
CL:1000470	oboInOwl:hasDbXref	FMA:74500	semapv:UnspecifiedMatching	myoepithelial cell of primary lactiferous duct	Myoepithelial cell of primary lactiferous duct
CL:1000471	oboInOwl:hasDbXref	FMA:74501	semapv:UnspecifiedMatching	myoepithelial cell of secondary lactiferous duct	Myoepithelial cell of secondary lactiferous duct
CL:1000472	oboInOwl:hasDbXref	FMA:74502	semapv:UnspecifiedMatching	myoepithelial cell of tertiary lactiferous duct	Myoepithelial cell of tertiary lactiferous duct
CL:1000473	oboInOwl:hasDbXref	FMA:74503	semapv:UnspecifiedMatching	myoepithelial cell of quarternary lactiferous duct	Myoepithelial cell of quarternary lactiferous duct
CL:1000477	oboInOwl:hasDbXref	FMA:83383	semapv:UnspecifiedMatching	cardiac pacemaker cell of sinoatrial node	Pacemaker cell of sinuatrial node
CL:1000478	oboInOwl:hasDbXref	FMA:83384	semapv:UnspecifiedMatching	transitional myocyte of sinoatrial node	Transitional myocyte of sinuatrial node
CL:1000479	oboInOwl:hasDbXref	FMA:83386	semapv:UnspecifiedMatching	Purkinje myocyte of atrioventricular node	Purkinje myocyte of atrioventricular node
CL:1000480	oboInOwl:hasDbXref	FMA:83387	semapv:UnspecifiedMatching	transitional myocyte of internodal tract	Transitional myocyte of internodal tract
CL:1000481	oboInOwl:hasDbXref	FMA:83388	semapv:UnspecifiedMatching	transitional myocyte of atrioventricular bundle	Transitional myocyte of atrioventricular bundle
CL:1000482	oboInOwl:hasDbXref	FMA:83390	semapv:UnspecifiedMatching	myocardial endocrine cell of interventricular septum	Myocardial endocrine cell of interventricular septum
CL:1000483	oboInOwl:hasDbXref	FMA:83392	semapv:UnspecifiedMatching	Purkinje myocyte of internodal tract	Purkinje myocyte of internodal tract
CL:1000484	oboInOwl:hasDbXref	FMA:83393	semapv:UnspecifiedMatching	Purkinje myocyte of atrioventricular bundle	Purkinje myocyte of atrioventricular bundle
CL:1000486	oboInOwl:hasDbXref	FMA:84150	semapv:UnspecifiedMatching	basal cell of urothelium	Basal cell of urothelium
CL:1000487	oboInOwl:hasDbXref	FMA:84583	semapv:UnspecifiedMatching	smooth muscle cell of prostate	Smooth muscle fiber of prostate
CL:1000488	oboInOwl:hasDbXref	FMA:86481	semapv:UnspecifiedMatching	cholangiocyte	Epithelial cell of bile duct
CL:1000488	oboInOwl:hasDbXref	ZFA:0009397	semapv:UnspecifiedMatching	cholangiocyte	cholangiocyte
CL:1000489	oboInOwl:hasDbXref	FMA:86497	semapv:UnspecifiedMatching	reticular cell of splenic cord	Reticular cell of splenic cord
CL:1000490	oboInOwl:hasDbXref	FMA:86736	semapv:UnspecifiedMatching	mesothelial cell of peritoneum	Mesothelial cell of peritoneum
CL:1000491	oboInOwl:hasDbXref	FMA:86737	semapv:UnspecifiedMatching	mesothelial cell of pleura	Mesothelial cell of pleura
CL:1000492	oboInOwl:hasDbXref	FMA:86738	semapv:UnspecifiedMatching	mesothelial cell of parietal pleura	Mesothelial cell of parietal pleura
CL:1000493	oboInOwl:hasDbXref	FMA:86739	semapv:UnspecifiedMatching	mesothelial cell of visceral pleura	Mesothelial cell of visceral pleura
CL:1000494	oboInOwl:hasDbXref	FMA:86785	semapv:UnspecifiedMatching	nephron tubule epithelial cell	Epithelial cell of renal tubule
CL:1000495	oboInOwl:hasDbXref	FMA:86929	semapv:UnspecifiedMatching	small intestine goblet cell	Goblet cell of small intestine
CL:1000497	oboInOwl:hasDbXref	ZFA:0009389	semapv:UnspecifiedMatching	kidney cell	kidney cell
CL:1000500	oboInOwl:hasDbXref	ZFA:0009390	semapv:UnspecifiedMatching	kidney interstitial cell	kidney interstitial cell
CL:1000504	oboInOwl:hasDbXref	ZFA:0009391	semapv:UnspecifiedMatching	kidney medulla cell	kidney medulla cell
CL:1001225	oboInOwl:hasDbXref	Wikipedia:Kidney_collecting_duct_cell	semapv:UnspecifiedMatching	kidney collecting duct cell	
CL:1001428	oboInOwl:hasDbXref	NCIT:C32210	semapv:UnspecifiedMatching	bladder urothelial cell	Bladder Urothelial Cell
CL:1001432	oboInOwl:hasDbXref	wikipedia.en:Collecting_duct_system#Intercalated_cells	semapv:UnspecifiedMatching	kidney collecting duct intercalated cell	
CL:1001433	oboInOwl:hasDbXref	FMA:70986	semapv:UnspecifiedMatching	epithelial cell of exocrine pancreas	Epithelial cell of exocrine pancreas
CL:1001435	oboInOwl:hasDbXref	BTO:0003796	semapv:UnspecifiedMatching	periglomerular cell	periglomerular cell
CL:1001435	oboInOwl:hasDbXref	NIFEXT:122	semapv:UnspecifiedMatching	periglomerular cell	
CL:1001474	oboInOwl:hasDbXref	BTO:0004778	semapv:UnspecifiedMatching	medium spiny neuron	medium spiny neuron
CL:1001509	oboInOwl:hasDbXref	FBbt:00048032	semapv:UnspecifiedMatching	glycinergic neuron	glycinergic neuron
CL:1001509	oboInOwl:hasDbXref	ZFA:0009396	semapv:UnspecifiedMatching	glycinergic neuron	glycinergic neuron
CL:1001568	oboInOwl:hasDbXref	BTO:0001141	semapv:UnspecifiedMatching	pulmonary artery endothelial cell	pulmonary artery endothelial cell
CL:1001569	oboInOwl:hasDbXref	FMA:84777	semapv:UnspecifiedMatching	hippocampal interneuron	Hippocampal interneuron
CL:1001598	oboInOwl:hasDbXref	FMA:86928	semapv:UnspecifiedMatching	small intestine glandular cell	Glandular cell of small intestine
CL:1001599	oboInOwl:hasDbXref	BTO:0000028	semapv:UnspecifiedMatching	pancreas exocrine glandular cell	pancreatic acinar cell
CL:1001611	oboInOwl:hasDbXref	FMA:84665	semapv:UnspecifiedMatching	cerebellar neuron	Cerebellar neuron
CL:2000002	oboInOwl:hasDbXref	BTO:0002770	semapv:UnspecifiedMatching	decidual cell	decidual cell
CL:2000002	oboInOwl:hasDbXref	BTO:0005756	semapv:UnspecifiedMatching	decidual cell	decidual stromal cell
CL:2000002	oboInOwl:hasDbXref	NCIT:C32429	semapv:UnspecifiedMatching	decidual cell	Decidual Cell
CL:2000019	oboInOwl:hasDbXref	FBbt:00006009	semapv:UnspecifiedMatching	compound eye photoreceptor cell	eye photoreceptor cell
CL:2000032	oboInOwl:hasDbXref	FMA:84664	semapv:UnspecifiedMatching	peripheral nervous system neuron	Peripheral neuron
CL:2000048	oboInOwl:hasDbXref	NCIT:C12645	semapv:UnspecifiedMatching	anterior horn motor neuron	Anterior Horn Cell
CL:2000060	oboInOwl:hasDbXref	BTO:0006119	semapv:UnspecifiedMatching	placental villous trophoblast	villous cytotrophoblast
CL:2000060	oboInOwl:hasDbXref	BTO:0006208	semapv:UnspecifiedMatching	placental villous trophoblast	extravillous trophoblast cell
CL:4023008	oboInOwl:hasDbXref	ILX:0770100	semapv:UnspecifiedMatching	intratelencephalic-projecting glutamatergic cortical neuron	
CL:4023009	oboInOwl:hasDbXref	ILX:0770101	semapv:UnspecifiedMatching	extratelencephalic-projecting glutamatergic cortical neuron	
CL:4023011	oboInOwl:hasDbXref	ILX:0770149	semapv:UnspecifiedMatching	lamp5 GABAergic cortical interneuron	
CL:4023012	oboInOwl:hasDbXref	ILX:0770103	semapv:UnspecifiedMatching	near-projecting glutamatergic cortical neuron	
CL:4023015	oboInOwl:hasDbXref	ILX:0770150	semapv:UnspecifiedMatching	sncg GABAergic cortical interneuron	
CL:4023016	oboInOwl:hasDbXref	ILX:0770151	semapv:UnspecifiedMatching	VIP GABAergic cortical interneuron	
CL:4023017	oboInOwl:hasDbXref	ILX:0770152	semapv:UnspecifiedMatching	sst GABAergic cortical interneuron	
CL:4023018	oboInOwl:hasDbXref	ILX:0770154	semapv:UnspecifiedMatching	pvalb GABAergic cortical interneuron	
CL:4023036	oboInOwl:hasDbXref	ILX:0107356	semapv:UnspecifiedMatching	chandelier pvalb GABAergic cortical interneuron	
CL:4023038	oboInOwl:hasDbXref	ILX:0770163	semapv:UnspecifiedMatching	L6b glutamatergic cortical neuron	
CL:4023043	oboInOwl:hasDbXref	ILX:0770161	semapv:UnspecifiedMatching	L5/6 near-projecting glutamatergic neuron of the primary motor cortex	
CL:4023048	oboInOwl:hasDbXref	ILX:0770174	semapv:UnspecifiedMatching	L4/5 intratelencephalic projecting glutamatergic neuron of the primary motor cortex	
CL:4023049	oboInOwl:hasDbXref	ILX:0770157	semapv:UnspecifiedMatching	L5 intratelencephalic projecting glutamatergic neuron of the primary motor cortex	
CL:4023050	oboInOwl:hasDbXref	ILX:0770158	semapv:UnspecifiedMatching	L6 intratelencephalic projecting glutamatergic neuron of the primary motor cortex	
CL:4023051	oboInOwl:hasDbXref	ILX:0770143	semapv:UnspecifiedMatching	vascular leptomeningeal cell	
CL:4023076	oboInOwl:hasDbXref	ILX:0107375	semapv:UnspecifiedMatching	Martinotti neuron	
CL:4023076	oboInOwl:hasDbXref	NIFEXT:55	semapv:UnspecifiedMatching	Martinotti neuron	
CL:4023077	oboInOwl:hasDbXref	ILX:0777212	semapv:UnspecifiedMatching	bitufted neuron	
CL:4023083	oboInOwl:hasDbXref	ILX:0777213	semapv:UnspecifiedMatching	chandelier cell	
CL:4023099	oboInOwl:hasDbXref	ILX:0770157	semapv:UnspecifiedMatching	obsolete L5 intratelencephalic projecting glutamatergic neuron of the primary motor cortex (Homo sapiens)	
CL:4023100	oboInOwl:hasDbXref	ILX:0770158	semapv:UnspecifiedMatching	obsolete L6 intratelencephalic projecting glutamatergic neuron of the primary motor cortex (Homo sapiens)	
CL:4023101	oboInOwl:hasDbXref	ILX:0770161	semapv:UnspecifiedMatching	obsolete L5/6 near-projecting glutamatergic neuron of the primary motor cortex (Homo sapiens)	
CL:4023102	oboInOwl:hasDbXref	ILX:0770161	semapv:UnspecifiedMatching	obsolete L5/6 near-projecting glutamatergic neuron of the primary motor cortex (Callithrix jacchus)	
CL:4023104	oboInOwl:hasDbXref	ILX:0770157	semapv:UnspecifiedMatching	obsolete L5 intratelencephalic projecting glutamatergic neuron of the primary motor cortex (Callithrix jacchus)	
CL:4023105	oboInOwl:hasDbXref	ILX:0770158	semapv:UnspecifiedMatching	obsolete L6 intratelencephalic projecting glutamatergic neuron of the primary motor cortex (Callithrix jacchus)	
CL:4023120	oboInOwl:hasDbXref	FMA:62364	semapv:UnspecifiedMatching	cochlea auditory hair cell	Cochlear hair cell
CL:4023160	oboInOwl:hasDbXref	ILX:0102311	semapv:UnspecifiedMatching	cartwheel cell	
CL:4023187	oboInOwl:hasDbXref	NIFEXT:44	semapv:UnspecifiedMatching	koniocellular cell	
CL:4029001	oboInOwl:hasDbXref	BTO:0000953	semapv:UnspecifiedMatching	gamete-nursing cell	nurse cell
CL:4030055	oboInOwl:hasDbXref	FMA:84155	semapv:UnspecifiedMatching	intermediate cell of urothelium	Intermediate cell of urothelium
CL:4030056	oboInOwl:hasDbXref	FMA:84149	semapv:UnspecifiedMatching	umbrella cell of urothelium	Umbrella cell of urothelium
CL:4030059	oboInOwl:hasDbXref	ILX:0770156	semapv:UnspecifiedMatching	L2/3 intratelencephalic projecting glutamatergic neuron	
CL:4030064	oboInOwl:hasDbXref	ILX:0770157	semapv:UnspecifiedMatching	L5 intratelencephalic projecting glutamatergic neuron	
CL:4030065	oboInOwl:hasDbXref	ILX:0770158	semapv:UnspecifiedMatching	L6 intratelencephalic projecting glutamatergic neuron	
CL:4033067	oboInOwl:hasDbXref	EFO:0005289	semapv:UnspecifiedMatching	mural granulosa cell	mural granulosa cell
